patient_id,source_name,source_group,age,sex,stage,egfr_alteration,protein_change,secondary_mutations,resistance_mechanisms,best_drug,best_score,predicted_efficiency_proxy,resistance_risk_proxy,matched_evidence_count,patient_data_label,treatment_logic_label,pathway_label,simulation_label,model_version
CPTAC__luad_cptac_2020__C3L-00093,luad_cptac_2020,CPTAC,66.0,Female,1B,EGFR L858R; Other EGFR alteration,p.A871G; p.L858R,TP53;KEAP1,,Osimertinib,0.4995,0.8262,0.0,4,Patient-level dataset evidence,Knowledgebase/manual-curated evidence pending final verification,Mutation-derived proxy pending true CPTAC phosphoproteomics validation,Research visualization proxy,EGFR_Global_TrustedEvidenceFusion_v1_research_only
CPTAC__luad_cptac_2020__C3L-00368,luad_cptac_2020,CPTAC,67.0,Female,1A,EGFR G719X; EGFR S768I,p.G719A; p.S768I,,,Afatinib,0.4552,0.7677,0.0,2,Patient-level dataset evidence,Knowledgebase/manual-curated evidence pending final verification,Mutation-derived proxy pending true CPTAC phosphoproteomics validation,Research visualization proxy,EGFR_Global_TrustedEvidenceFusion_v1_research_only
CPTAC__luad_cptac_2020__C3L-00510,luad_cptac_2020,CPTAC,80.0,Female,1A,EGFR L858R; Other EGFR alteration,p.L62R; p.L858R,TP53;KEAP1,,Osimertinib,0.5009,0.8297,0.0,4,Patient-level dataset evidence,Knowledgebase/manual-curated evidence pending final verification,Mutation-derived proxy pending true CPTAC phosphoproteomics validation,Research visualization proxy,EGFR_Global_TrustedEvidenceFusion_v1_research_only
CPTAC__luad_cptac_2020__C3L-00604,luad_cptac_2020,CPTAC,61.0,Female,3A,EGFR exon 19 deletion,p.E746_A750del,PIK3CA,PIK3CA/PI3K bypass,Osimertinib,0.4338,0.9181,0.3363,9,Patient-level dataset evidence,Knowledgebase/manual-curated evidence pending final verification,Mutation-derived proxy pending true CPTAC phosphoproteomics validation,Research visualization proxy,EGFR_Global_TrustedEvidenceFusion_v1_research_only
CPTAC__luad_cptac_2020__C3L-00893,luad_cptac_2020,CPTAC,71.0,Male,1B,EGFR exon 19 deletion,p.E746_A750del,,,Osimertinib,0.5639,0.9847,0.0,4,Patient-level dataset evidence,Knowledgebase/manual-curated evidence pending final verification,Mutation-derived proxy pending true CPTAC phosphoproteomics validation,Research visualization proxy,EGFR_Global_TrustedEvidenceFusion_v1_research_only
CPTAC__luad_cptac_2020__C3L-00913,luad_cptac_2020,CPTAC,66.0,Male,3A,Other EGFR alteration,p.L777L,KRAS;TP53,KRAS/MAPK bypass,Platinum-based Chemotherapy,0.1865,0.3086,0.1007,5,Patient-level dataset evidence,Knowledgebase/manual-curated evidence pending final verification,Mutation-derived proxy pending true CPTAC phosphoproteomics validation,Research visualization proxy,EGFR_Global_TrustedEvidenceFusion_v1_research_only
CPTAC__luad_cptac_2020__C3L-01330,luad_cptac_2020,CPTAC,68.0,Female,1A,EGFR L858R,p.L858R,,,Osimertinib,0.5646,0.9866,0.0,4,Patient-level dataset evidence,Knowledgebase/manual-curated evidence pending final verification,Mutation-derived proxy pending true CPTAC phosphoproteomics validation,Research visualization proxy,EGFR_Global_TrustedEvidenceFusion_v1_research_only
CPTAC__luad_cptac_2020__C3L-02219,luad_cptac_2020,CPTAC,77.0,Male,3A,EGFR L858R,p.L858R,,,Osimertinib,0.5638,0.9845,0.0,4,Patient-level dataset evidence,Knowledgebase/manual-curated evidence pending final verification,Mutation-derived proxy pending true CPTAC phosphoproteomics validation,Research visualization proxy,EGFR_Global_TrustedEvidenceFusion_v1_research_only
CPTAC__luad_cptac_2020__C3N-00167,luad_cptac_2020,CPTAC,64.0,Male,2A,EGFR exon 19 deletion,p.E746_A750del,TP53,,Osimertinib,0.5261,0.8921,0.0,4,Patient-level dataset evidence,Knowledgebase/manual-curated evidence pending final verification,Mutation-derived proxy pending true CPTAC phosphoproteomics validation,Research visualization proxy,EGFR_Global_TrustedEvidenceFusion_v1_research_only
CPTAC__luad_cptac_2020__C3N-00199,luad_cptac_2020,CPTAC,65.0,Male,1A,EGFR L858R,p.L858R,TP53,,Osimertinib,0.5235,0.8856,0.0,4,Patient-level dataset evidence,Knowledgebase/manual-curated evidence pending final verification,Mutation-derived proxy pending true CPTAC phosphoproteomics validation,Research visualization proxy,EGFR_Global_TrustedEvidenceFusion_v1_research_only
CPTAC__luad_cptac_2020__C3N-00203,luad_cptac_2020,CPTAC,72.0,Male,2B,Other EGFR alteration,p.K479I,TP53,,Platinum-based Chemotherapy,0.1897,0.3107,0.0597,0,Patient-level dataset evidence,Knowledgebase/manual-curated evidence pending final verification,Mutation-derived proxy pending true CPTAC phosphoproteomics validation,Research visualization proxy,EGFR_Global_TrustedEvidenceFusion_v1_research_only
CPTAC__luad_cptac_2020__C3N-00223,luad_cptac_2020,CPTAC,69.0,Female,Unknown,EGFR L858R; Other EGFR alteration,p.L747V; p.L858R,,,Osimertinib,0.5652,0.988,0.0,4,Patient-level dataset evidence,Knowledgebase/manual-curated evidence pending final verification,Mutation-derived proxy pending true CPTAC phosphoproteomics validation,Research visualization proxy,EGFR_Global_TrustedEvidenceFusion_v1_research_only
CPTAC__luad_cptac_2020__C3N-00546,luad_cptac_2020,CPTAC,58.0,Male,2A,EGFR G719X; EGFR S768I,p.G719S; p.S768I,TP53,,Afatinib,0.4158,0.6924,0.0,2,Patient-level dataset evidence,Knowledgebase/manual-curated evidence pending final verification,Mutation-derived proxy pending true CPTAC phosphoproteomics validation,Research visualization proxy,EGFR_Global_TrustedEvidenceFusion_v1_research_only
CPTAC__luad_cptac_2020__C3N-00550,luad_cptac_2020,CPTAC,52.0,Female,2B,Other EGFR alteration,p.H358R,TP53,,Platinum-based Chemotherapy,0.1928,0.3134,0.0519,0,Patient-level dataset evidence,Knowledgebase/manual-curated evidence pending final verification,Mutation-derived proxy pending true CPTAC phosphoproteomics validation,Research visualization proxy,EGFR_Global_TrustedEvidenceFusion_v1_research_only
CPTAC__luad_cptac_2020__C3N-00559,luad_cptac_2020,CPTAC,55.0,Female,1A,EGFR exon 19 deletion,p.E746_A750del,TP53,,Osimertinib,0.5256,0.8909,0.0,4,Patient-level dataset evidence,Knowledgebase/manual-curated evidence pending final verification,Mutation-derived proxy pending true CPTAC phosphoproteomics validation,Research visualization proxy,EGFR_Global_TrustedEvidenceFusion_v1_research_only
CPTAC__luad_cptac_2020__C3N-00574,luad_cptac_2020,CPTAC,40.0,Male,1B,EGFR exon 19 deletion,p.A750E; p.E746_A750del,TP53,,Osimertinib,0.5254,0.8905,0.0,4,Patient-level dataset evidence,Knowledgebase/manual-curated evidence pending final verification,Mutation-derived proxy pending true CPTAC phosphoproteomics validation,Research visualization proxy,EGFR_Global_TrustedEvidenceFusion_v1_research_only
CPTAC__luad_cptac_2020__C3N-00579,luad_cptac_2020,CPTAC,67.0,Male,Unknown,EGFR L858R,p.L858R,TP53,,Osimertinib,0.5253,0.8901,0.0,4,Patient-level dataset evidence,Knowledgebase/manual-curated evidence pending final verification,Mutation-derived proxy pending true CPTAC phosphoproteomics validation,Research visualization proxy,EGFR_Global_TrustedEvidenceFusion_v1_research_only
CPTAC__luad_cptac_2020__C3N-01021,luad_cptac_2020,CPTAC,44.0,Female,3A,EGFR G719X; EGFR L861Q,p.G719A; p.L861Q,,,Afatinib,0.4568,0.7708,0.0,2,Patient-level dataset evidence,Knowledgebase/manual-curated evidence pending final verification,Mutation-derived proxy pending true CPTAC phosphoproteomics validation,Research visualization proxy,EGFR_Global_TrustedEvidenceFusion_v1_research_only
CPTAC__luad_cptac_2020__C3N-01024,luad_cptac_2020,CPTAC,66.0,Female,Unknown,EGFR exon 19 deletion,p.E746_A750del,TP53,,Osimertinib,0.5254,0.8904,0.0,4,Patient-level dataset evidence,Knowledgebase/manual-curated evidence pending final verification,Mutation-derived proxy pending true CPTAC phosphoproteomics validation,Research visualization proxy,EGFR_Global_TrustedEvidenceFusion_v1_research_only
CPTAC__luad_cptac_2020__C3N-01413,luad_cptac_2020,CPTAC,62.0,Female,1B,EGFR exon 19 deletion,p.E746_A750del,TP53,,Osimertinib,0.5258,0.8914,0.0,4,Patient-level dataset evidence,Knowledgebase/manual-curated evidence pending final verification,Mutation-derived proxy pending true CPTAC phosphoproteomics validation,Research visualization proxy,EGFR_Global_TrustedEvidenceFusion_v1_research_only
CPTAC__luad_cptac_2020__C3N-01415,luad_cptac_2020,CPTAC,72.0,Male,1B,Other EGFR alteration,p.F1151F,TP53,,Platinum-based Chemotherapy,0.1895,0.3106,0.0602,0,Patient-level dataset evidence,Knowledgebase/manual-curated evidence pending final verification,Mutation-derived proxy pending true CPTAC phosphoproteomics validation,Research visualization proxy,EGFR_Global_TrustedEvidenceFusion_v1_research_only
CPTAC__luad_cptac_2020__C3N-01416,luad_cptac_2020,CPTAC,67.0,Female,Unknown,EGFR exon 19 deletion,p.E746_A750del,,,Osimertinib,0.5639,0.9847,0.0,4,Patient-level dataset evidence,Knowledgebase/manual-curated evidence pending final verification,Mutation-derived proxy pending true CPTAC phosphoproteomics validation,Research visualization proxy,EGFR_Global_TrustedEvidenceFusion_v1_research_only
CPTAC__luad_cptac_2020__C3N-01799,luad_cptac_2020,CPTAC,81.0,Male,2A,EGFR L858R,p.L858R,,,Osimertinib,0.5646,0.9865,0.0,4,Patient-level dataset evidence,Knowledgebase/manual-curated evidence pending final verification,Mutation-derived proxy pending true CPTAC phosphoproteomics validation,Research visualization proxy,EGFR_Global_TrustedEvidenceFusion_v1_research_only
CPTAC__luad_cptac_2020__C3N-02002,luad_cptac_2020,CPTAC,76.0,Male,Unknown,EGFR L858R,p.L858R,,,Osimertinib,0.5648,0.9871,0.0,4,Patient-level dataset evidence,Knowledgebase/manual-curated evidence pending final verification,Mutation-derived proxy pending true CPTAC phosphoproteomics validation,Research visualization proxy,EGFR_Global_TrustedEvidenceFusion_v1_research_only
CPTAC__luad_cptac_2020__C3N-02067,luad_cptac_2020,CPTAC,37.0,Female,Unknown,EGFR exon 19 deletion; Other EGFR alteration,p.L747_A750del; p.T751P,TP53,,Osimertinib,0.5262,0.8924,0.0,4,Patient-level dataset evidence,Knowledgebase/manual-curated evidence pending final verification,Mutation-derived proxy pending true CPTAC phosphoproteomics validation,Research visualization proxy,EGFR_Global_TrustedEvidenceFusion_v1_research_only
CPTAC__luad_cptac_2020__C3N-02087,luad_cptac_2020,CPTAC,61.0,Female,Unknown,EGFR exon 20 insertion; Other EGFR alteration,p.E746_S752delinsA; p.S752F,TP53,,Amivantamab,0.4609,0.8024,0.0,2,Patient-level dataset evidence,Knowledgebase/manual-curated evidence pending final verification,Mutation-derived proxy pending true CPTAC phosphoproteomics validation,Research visualization proxy,EGFR_Global_TrustedEvidenceFusion_v1_research_only
CPTAC__luad_cptac_2020__C3N-02145,luad_cptac_2020,CPTAC,68.0,Female,Unknown,EGFR exon 19 deletion,p.E746_A750del,,,Osimertinib,0.5653,0.9881,0.0,4,Patient-level dataset evidence,Knowledgebase/manual-curated evidence pending final verification,Mutation-derived proxy pending true CPTAC phosphoproteomics validation,Research visualization proxy,EGFR_Global_TrustedEvidenceFusion_v1_research_only
CPTAC__luad_cptac_2020__C3N-02155,luad_cptac_2020,CPTAC,45.0,Male,2B,EGFR L858R,p.L858R,,,Osimertinib,0.5632,0.9829,0.0,4,Patient-level dataset evidence,Knowledgebase/manual-curated evidence pending final verification,Mutation-derived proxy pending true CPTAC phosphoproteomics validation,Research visualization proxy,EGFR_Global_TrustedEvidenceFusion_v1_research_only
CPTAC__luad_cptac_2020__C3N-02158,luad_cptac_2020,CPTAC,54.0,Female,Unknown,EGFR exon 19 deletion,p.E746_A750del,,,Osimertinib,0.5648,0.987,0.0,4,Patient-level dataset evidence,Knowledgebase/manual-curated evidence pending final verification,Mutation-derived proxy pending true CPTAC phosphoproteomics validation,Research visualization proxy,EGFR_Global_TrustedEvidenceFusion_v1_research_only
CPTAC__luad_cptac_2020__C3N-02379,luad_cptac_2020,CPTAC,57.0,Female,Unknown,EGFR L858R,p.L858R,TP53,,Osimertinib,0.5254,0.8904,0.0,4,Patient-level dataset evidence,Knowledgebase/manual-curated evidence pending final verification,Mutation-derived proxy pending true CPTAC phosphoproteomics validation,Research visualization proxy,EGFR_Global_TrustedEvidenceFusion_v1_research_only
CPTAC__luad_cptac_2020__C3N-02380,luad_cptac_2020,CPTAC,56.0,Male,Unknown,EGFR exon 19 deletion,p.E746_A750del,,,Osimertinib,0.5649,0.9873,0.0,4,Patient-level dataset evidence,Knowledgebase/manual-curated evidence pending final verification,Mutation-derived proxy pending true CPTAC phosphoproteomics validation,Research visualization proxy,EGFR_Global_TrustedEvidenceFusion_v1_research_only
CPTAC__luad_cptac_2020__C3N-02421,luad_cptac_2020,CPTAC,58.0,Male,Unknown,EGFR exon 20 insertion; Other EGFR alteration,p.E746_S752delinsA; p.S752F,,,Amivantamab,0.4981,0.885,0.0,2,Patient-level dataset evidence,Knowledgebase/manual-curated evidence pending final verification,Mutation-derived proxy pending true CPTAC phosphoproteomics validation,Research visualization proxy,EGFR_Global_TrustedEvidenceFusion_v1_research_only
CPTAC__luad_cptac_2020__C3N-02424,luad_cptac_2020,CPTAC,64.0,Male,Unknown,EGFR L858R,p.L858R,TP53,,Osimertinib,0.5254,0.8904,0.0,4,Patient-level dataset evidence,Knowledgebase/manual-curated evidence pending final verification,Mutation-derived proxy pending true CPTAC phosphoproteomics validation,Research visualization proxy,EGFR_Global_TrustedEvidenceFusion_v1_research_only
CPTAC__luad_cptac_2020__C3N-02433,luad_cptac_2020,CPTAC,68.0,Female,Unknown,EGFR L858R,p.L858R,,,Osimertinib,0.5646,0.9864,0.0,4,Patient-level dataset evidence,Knowledgebase/manual-curated evidence pending final verification,Mutation-derived proxy pending true CPTAC phosphoproteomics validation,Research visualization proxy,EGFR_Global_TrustedEvidenceFusion_v1_research_only
CPTAC__luad_cptac_2020__C3N-02529,luad_cptac_2020,CPTAC,79.0,Female,Unknown,EGFR L858R,p.L858R,TP53,,Osimertinib,0.5246,0.8884,0.0,4,Patient-level dataset evidence,Knowledgebase/manual-curated evidence pending final verification,Mutation-derived proxy pending true CPTAC phosphoproteomics validation,Research visualization proxy,EGFR_Global_TrustedEvidenceFusion_v1_research_only
CPTAC__luad_cptac_2020__C3N-02572,luad_cptac_2020,CPTAC,49.0,Male,Unknown,EGFR L858R,p.L858R,TP53,,Osimertinib,0.5258,0.8914,0.0,4,Patient-level dataset evidence,Knowledgebase/manual-curated evidence pending final verification,Mutation-derived proxy pending true CPTAC phosphoproteomics validation,Research visualization proxy,EGFR_Global_TrustedEvidenceFusion_v1_research_only
CPTAC__luad_cptac_2020__C3N-02582,luad_cptac_2020,CPTAC,77.0,Male,Unknown,EGFR exon 19 deletion,p.E746_A750del,BRAF;TP53,,Osimertinib,0.5037,0.8464,0.0,4,Patient-level dataset evidence,Knowledgebase/manual-curated evidence pending final verification,Mutation-derived proxy pending true CPTAC phosphoproteomics validation,Research visualization proxy,EGFR_Global_TrustedEvidenceFusion_v1_research_only
CPTAC__luad_cptac_2020__C3N-02729,luad_cptac_2020,CPTAC,45.0,Male,Unknown,EGFR L858R,p.L858R,,,Osimertinib,0.5652,0.988,0.0,4,Patient-level dataset evidence,Knowledgebase/manual-curated evidence pending final verification,Mutation-derived proxy pending true CPTAC phosphoproteomics validation,Research visualization proxy,EGFR_Global_TrustedEvidenceFusion_v1_research_only
CPTAC__luad_cptac_2020__X11LU013,luad_cptac_2020,CPTAC,59.0,Male,3A,EGFR exon 20 insertion; Other EGFR alteration,p.E746_S752delinsA; p.S752F,TP53,,Amivantamab,0.4605,0.8016,0.0,2,Patient-level dataset evidence,Knowledgebase/manual-curated evidence pending final verification,Mutation-derived proxy pending true CPTAC phosphoproteomics validation,Research visualization proxy,EGFR_Global_TrustedEvidenceFusion_v1_research_only
CPTAC__luad_cptac_2020__X11LU016,luad_cptac_2020,CPTAC,62.0,Male,3A,EGFR G719X; EGFR S768I,p.G719C; p.S768I,PIK3CA;TP53,PIK3CA/PI3K bypass,Afatinib,0.2829,0.6403,0.5042,7,Patient-level dataset evidence,Knowledgebase/manual-curated evidence pending final verification,Mutation-derived proxy pending true CPTAC phosphoproteomics validation,Research visualization proxy,EGFR_Global_TrustedEvidenceFusion_v1_research_only
TCGA__luad_tcga__TCGA-05-4382,luad_tcga,TCGA,68.0,Male,Stage I,Other EGFR alteration,p.E545Q; p.R222L,BRAF;TP53,,Platinum-based Chemotherapy,0.1881,0.3093,0.0638,0,Patient-level dataset evidence,Knowledgebase/manual-curated evidence pending final verification,Mutation-derived proxy pending true CPTAC phosphoproteomics validation,Research visualization proxy,EGFR_Global_TrustedEvidenceFusion_v1_research_only
TCGA__luad_tcga__TCGA-05-4402,luad_tcga,TCGA,57.0,Female,Stage IV,EGFR exon 19 deletion,p.T751_E758del,TP53,,Osimertinib,0.524,0.8869,0.0,4,Patient-level dataset evidence,Knowledgebase/manual-curated evidence pending final verification,Mutation-derived proxy pending true CPTAC phosphoproteomics validation,Research visualization proxy,EGFR_Global_TrustedEvidenceFusion_v1_research_only
TCGA__luad_tcga__TCGA-05-4410,luad_tcga,TCGA,62.0,Male,Stage I,Other EGFR alteration,p.R377S,BRAF;TP53,,Platinum-based Chemotherapy,0.1884,0.3096,0.0629,0,Patient-level dataset evidence,Knowledgebase/manual-curated evidence pending final verification,Mutation-derived proxy pending true CPTAC phosphoproteomics validation,Research visualization proxy,EGFR_Global_TrustedEvidenceFusion_v1_research_only
TCGA__luad_tcga__TCGA-05-5423,luad_tcga,TCGA,65.0,Male,Stage II,EGFR L861Q; Other EGFR alteration,p.L833F; p.L861Q,TP53,,Afatinib,0.4156,0.692,0.0,1,Patient-level dataset evidence,Knowledgebase/manual-curated evidence pending final verification,Mutation-derived proxy pending true CPTAC phosphoproteomics validation,Research visualization proxy,EGFR_Global_TrustedEvidenceFusion_v1_research_only
TCGA__luad_tcga__TCGA-38-4627,luad_tcga,TCGA,64.0,Female,Stage II,EGFR L858R; Other EGFR alteration,p.L62R; p.L858R,,,Osimertinib,0.565,0.9875,0.0,4,Patient-level dataset evidence,Knowledgebase/manual-curated evidence pending final verification,Mutation-derived proxy pending true CPTAC phosphoproteomics validation,Research visualization proxy,EGFR_Global_TrustedEvidenceFusion_v1_research_only
TCGA__luad_tcga__TCGA-38-4628,luad_tcga,TCGA,65.0,Female,Stage II,EGFR exon 19 deletion,p.E746_A750del,,,Osimertinib,0.5632,0.9829,0.0,4,Patient-level dataset evidence,Knowledgebase/manual-curated evidence pending final verification,Mutation-derived proxy pending true CPTAC phosphoproteomics validation,Research visualization proxy,EGFR_Global_TrustedEvidenceFusion_v1_research_only
TCGA__luad_tcga__TCGA-38-6178,luad_tcga,TCGA,70.0,Female,Stage III,EGFR exon 19 deletion,p.E746_A750del,TP53,,Osimertinib,0.5249,0.8893,0.0,4,Patient-level dataset evidence,Knowledgebase/manual-curated evidence pending final verification,Mutation-derived proxy pending true CPTAC phosphoproteomics validation,Research visualization proxy,EGFR_Global_TrustedEvidenceFusion_v1_research_only
TCGA__luad_tcga__TCGA-44-2661,luad_tcga,TCGA,69.0,Female,Stage I,EGFR exon 19 deletion,p.E746_A750del,,,Osimertinib,0.5643,0.9858,0.0,4,Patient-level dataset evidence,Knowledgebase/manual-curated evidence pending final verification,Mutation-derived proxy pending true CPTAC phosphoproteomics validation,Research visualization proxy,EGFR_Global_TrustedEvidenceFusion_v1_research_only
TCGA__luad_tcga__TCGA-44-6147,luad_tcga,TCGA,67.0,Female,Stage I,EGFR S768I; Other EGFR alteration,p.S768I; p.V769L,TP53,,Afatinib,0.4151,0.6911,0.0,1,Patient-level dataset evidence,Knowledgebase/manual-curated evidence pending final verification,Mutation-derived proxy pending true CPTAC phosphoproteomics validation,Research visualization proxy,EGFR_Global_TrustedEvidenceFusion_v1_research_only
TCGA__luad_tcga__TCGA-49-4490,luad_tcga,TCGA,45.0,Female,Stage III,EGFR L858R,p.L858R,TP53,,Osimertinib,0.525,0.8894,0.0,4,Patient-level dataset evidence,Knowledgebase/manual-curated evidence pending final verification,Mutation-derived proxy pending true CPTAC phosphoproteomics validation,Research visualization proxy,EGFR_Global_TrustedEvidenceFusion_v1_research_only
TCGA__luad_tcga__TCGA-49-4494,luad_tcga,TCGA,77.0,Male,Stage III,EGFR L858R; EGFR T790M,p.L858R; p.T790M,,EGFR T790M,Osimertinib,0.5507,0.9554,0.0,7,Patient-level dataset evidence,Knowledgebase/manual-curated evidence pending final verification,Mutation-derived proxy pending true CPTAC phosphoproteomics validation,Research visualization proxy,EGFR_Global_TrustedEvidenceFusion_v1_research_only
TCGA__luad_tcga__TCGA-49-4501,luad_tcga,TCGA,67.0,Female,Stage I,EGFR exon 19 deletion,p.E746_A750del,,,Osimertinib,0.5638,0.9845,0.0,4,Patient-level dataset evidence,Knowledgebase/manual-curated evidence pending final verification,Mutation-derived proxy pending true CPTAC phosphoproteomics validation,Research visualization proxy,EGFR_Global_TrustedEvidenceFusion_v1_research_only
TCGA__luad_tcga__TCGA-50-5933,luad_tcga,TCGA,72.0,Male,Stage III,Other EGFR alteration,p.P753=,MET;KRAS;TP53,MET bypass;KRAS/MAPK bypass,Platinum-based Chemotherapy,0.1804,0.3042,0.1572,10,Patient-level dataset evidence,Knowledgebase/manual-curated evidence pending final verification,Mutation-derived proxy pending true CPTAC phosphoproteomics validation,Research visualization proxy,EGFR_Global_TrustedEvidenceFusion_v1_research_only
TCGA__luad_tcga__TCGA-50-5944,luad_tcga,TCGA,69.0,Female,Stage I,EGFR L858R,p.L858R,TP53,,Osimertinib,0.525,0.8895,0.0,4,Patient-level dataset evidence,Knowledgebase/manual-curated evidence pending final verification,Mutation-derived proxy pending true CPTAC phosphoproteomics validation,Research visualization proxy,EGFR_Global_TrustedEvidenceFusion_v1_research_only
TCGA__luad_tcga__TCGA-50-6595,luad_tcga,TCGA,74.0,Female,Stage III,EGFR G719X; EGFR S768I,p.G719A; p.S768I,TP53,,Afatinib,0.416,0.6927,0.0,2,Patient-level dataset evidence,Knowledgebase/manual-curated evidence pending final verification,Mutation-derived proxy pending true CPTAC phosphoproteomics validation,Research visualization proxy,EGFR_Global_TrustedEvidenceFusion_v1_research_only
TCGA__luad_tcga__TCGA-50-6673,luad_tcga,TCGA,84.0,Female,Stage I,EGFR exon 20 insertion,p.H773dup,TP53,,Amivantamab,0.4604,0.8014,0.0,2,Patient-level dataset evidence,Knowledgebase/manual-curated evidence pending final verification,Mutation-derived proxy pending true CPTAC phosphoproteomics validation,Research visualization proxy,EGFR_Global_TrustedEvidenceFusion_v1_research_only
TCGA__luad_tcga__TCGA-55-6980,luad_tcga,TCGA,56.0,Male,Stage I,EGFR exon 20 insertion,p.E709_T710delinsD,,,Amivantamab,0.4989,0.8867,0.0,2,Patient-level dataset evidence,Knowledgebase/manual-curated evidence pending final verification,Mutation-derived proxy pending true CPTAC phosphoproteomics validation,Research visualization proxy,EGFR_Global_TrustedEvidenceFusion_v1_research_only
TCGA__luad_tcga__TCGA-55-6981,luad_tcga,TCGA,53.0,Female,Stage III,EGFR exon 19 deletion,p.L747_T751del,,,Osimertinib,0.5642,0.9856,0.0,4,Patient-level dataset evidence,Knowledgebase/manual-curated evidence pending final verification,Mutation-derived proxy pending true CPTAC phosphoproteomics validation,Research visualization proxy,EGFR_Global_TrustedEvidenceFusion_v1_research_only
TCGA__luad_tcga__TCGA-55-7573,luad_tcga,TCGA,72.0,Female,Stage I,EGFR exon 19 deletion; Other EGFR alteration,p.K754E; p.L747_E749del,TP53,,Osimertinib,0.5254,0.8904,0.0,4,Patient-level dataset evidence,Knowledgebase/manual-curated evidence pending final verification,Mutation-derived proxy pending true CPTAC phosphoproteomics validation,Research visualization proxy,EGFR_Global_TrustedEvidenceFusion_v1_research_only
TCGA__luad_tcga__TCGA-64-1681,luad_tcga,TCGA,61.0,Female,Stage I,EGFR L858R,p.L858R,TP53,,Osimertinib,0.5248,0.889,0.0,4,Patient-level dataset evidence,Knowledgebase/manual-curated evidence pending final verification,Mutation-derived proxy pending true CPTAC phosphoproteomics validation,Research visualization proxy,EGFR_Global_TrustedEvidenceFusion_v1_research_only
TCGA__luad_tcga__TCGA-67-3771,luad_tcga,TCGA,77.0,Female,Stage I,Other EGFR alteration,p.I853=,TP53;KEAP1,,Platinum-based Chemotherapy,0.1635,0.2879,0.1253,0,Patient-level dataset evidence,Knowledgebase/manual-curated evidence pending final verification,Mutation-derived proxy pending true CPTAC phosphoproteomics validation,Research visualization proxy,EGFR_Global_TrustedEvidenceFusion_v1_research_only
TCGA__luad_tcga__TCGA-67-3772,luad_tcga,TCGA,82.0,Female,Stage I,EGFR L858R,p.L858R,,,Osimertinib,0.5638,0.9844,0.0,4,Patient-level dataset evidence,Knowledgebase/manual-curated evidence pending final verification,Mutation-derived proxy pending true CPTAC phosphoproteomics validation,Research visualization proxy,EGFR_Global_TrustedEvidenceFusion_v1_research_only
TCGA__luad_tcga__TCGA-67-6217,luad_tcga,TCGA,73.0,Female,Stage II,EGFR L858R,p.L858R,,,Osimertinib,0.5628,0.9819,0.0,4,Patient-level dataset evidence,Knowledgebase/manual-curated evidence pending final verification,Mutation-derived proxy pending true CPTAC phosphoproteomics validation,Research visualization proxy,EGFR_Global_TrustedEvidenceFusion_v1_research_only
TCGA__luad_tcga__TCGA-69-7760,luad_tcga,TCGA,73.0,Male,Stage II,EGFR exon 20 insertion,p.E709_T710delinsD,TP53,,Amivantamab,0.4597,0.7999,0.0,2,Patient-level dataset evidence,Knowledgebase/manual-curated evidence pending final verification,Mutation-derived proxy pending true CPTAC phosphoproteomics validation,Research visualization proxy,EGFR_Global_TrustedEvidenceFusion_v1_research_only
TCGA__luad_tcga__TCGA-69-7765,luad_tcga,TCGA,56.0,Male,Stage I,Other EGFR alteration,p.Q486*,BRAF;TP53,,Platinum-based Chemotherapy,0.1892,0.3103,0.061,0,Patient-level dataset evidence,Knowledgebase/manual-curated evidence pending final verification,Mutation-derived proxy pending true CPTAC phosphoproteomics validation,Research visualization proxy,EGFR_Global_TrustedEvidenceFusion_v1_research_only
TCGA__luad_tcga__TCGA-75-6207,luad_tcga,TCGA,,Male,Stage III,EGFR exon 19 deletion,p.E746_A750del,TP53,,Osimertinib,0.5251,0.8896,0.0,4,Patient-level dataset evidence,Knowledgebase/manual-curated evidence pending final verification,Mutation-derived proxy pending true CPTAC phosphoproteomics validation,Research visualization proxy,EGFR_Global_TrustedEvidenceFusion_v1_research_only
TCGA__luad_tcga__TCGA-75-6212,luad_tcga,TCGA,,Female,Stage II,EGFR exon 19 deletion,p.L747_E749del,,,Osimertinib,0.5653,0.9883,0.0,4,Patient-level dataset evidence,Knowledgebase/manual-curated evidence pending final verification,Mutation-derived proxy pending true CPTAC phosphoproteomics validation,Research visualization proxy,EGFR_Global_TrustedEvidenceFusion_v1_research_only
TCGA__luad_tcga__TCGA-75-7025,luad_tcga,TCGA,,Male,Stage I,EGFR exon 19 deletion,p.E746_A750del,,,Osimertinib,0.5648,0.987,0.0,4,Patient-level dataset evidence,Knowledgebase/manual-curated evidence pending final verification,Mutation-derived proxy pending true CPTAC phosphoproteomics validation,Research visualization proxy,EGFR_Global_TrustedEvidenceFusion_v1_research_only
TCGA__luad_tcga__TCGA-78-7147,luad_tcga,TCGA,67.0,Female,Stage II,EGFR L861Q; EGFR exon 19 deletion; Other EGFR alteration,p.D1083Efs*11; p.L387M; p.L861Q,TP53,,Osimertinib,0.523,0.8845,0.0,5,Patient-level dataset evidence,Knowledgebase/manual-curated evidence pending final verification,Mutation-derived proxy pending true CPTAC phosphoproteomics validation,Research visualization proxy,EGFR_Global_TrustedEvidenceFusion_v1_research_only
TCGA__luad_tcga__TCGA-78-7155,luad_tcga,TCGA,68.0,Male,Stage I,Other EGFR alteration,p.G901V; p.K754I; p.Q432H,TP53,,Platinum-based Chemotherapy,0.1881,0.3093,0.0638,0,Patient-level dataset evidence,Knowledgebase/manual-curated evidence pending final verification,Mutation-derived proxy pending true CPTAC phosphoproteomics validation,Research visualization proxy,EGFR_Global_TrustedEvidenceFusion_v1_research_only
TCGA__luad_tcga__TCGA-78-7158,luad_tcga,TCGA,59.0,Female,Stage III,Other EGFR alteration,p.L907M,KEAP1,,Platinum-based Chemotherapy,0.2025,0.3216,0.0112,0,Patient-level dataset evidence,Knowledgebase/manual-curated evidence pending final verification,Mutation-derived proxy pending true CPTAC phosphoproteomics validation,Research visualization proxy,EGFR_Global_TrustedEvidenceFusion_v1_research_only
TCGA__luad_tcga__TCGA-91-6835,luad_tcga,TCGA,81.0,Female,Stage I,EGFR L858R,p.L858R,,,Osimertinib,0.5636,0.9841,0.0,4,Patient-level dataset evidence,Knowledgebase/manual-curated evidence pending final verification,Mutation-derived proxy pending true CPTAC phosphoproteomics validation,Research visualization proxy,EGFR_Global_TrustedEvidenceFusion_v1_research_only
TCGA__luad_tcga__TCGA-91-6847,luad_tcga,TCGA,62.0,Female,Stage I,EGFR L861Q,p.L861Q,MET;TP53,MET bypass,Platinum-based Chemotherapy,0.1866,0.3089,0.1087,6,Patient-level dataset evidence,Knowledgebase/manual-curated evidence pending final verification,Mutation-derived proxy pending true CPTAC phosphoproteomics validation,Research visualization proxy,EGFR_Global_TrustedEvidenceFusion_v1_research_only
TCGA__luad_tcga__TCGA-95-7039,luad_tcga,TCGA,54.0,Female,Stage II,Other EGFR alteration,p.S921R,KRAS;PIK3CA;BRAF;TP53,KRAS/MAPK bypass;PIK3CA/PI3K bypass,Platinum-based Chemotherapy,0.1813,0.3046,0.1386,10,Patient-level dataset evidence,Knowledgebase/manual-curated evidence pending final verification,Mutation-derived proxy pending true CPTAC phosphoproteomics validation,Research visualization proxy,EGFR_Global_TrustedEvidenceFusion_v1_research_only
TCGA__luad_tcga__TCGA-95-7947,luad_tcga,TCGA,67.0,Male,Stage I,Other EGFR alteration,p.I91V; p.R1052I,PIK3CA;TP53;KEAP1,PIK3CA/PI3K bypass,Platinum-based Chemotherapy,0.1614,0.2867,0.1552,5,Patient-level dataset evidence,Knowledgebase/manual-curated evidence pending final verification,Mutation-derived proxy pending true CPTAC phosphoproteomics validation,Research visualization proxy,EGFR_Global_TrustedEvidenceFusion_v1_research_only
