patient_id,egfr,best_drug,secondary_mutations,resistance_mechanisms,has_MET_bypass,has_KRAS_bypass,has_PIK3CA_bypass,has_T790M,resistance_risk,bypass_penalty,status,issues
CPTAC__luad_cptac_2020__C3L-00093,EGFR L858R; Other EGFR alteration,Osimertinib,TP53;KEAP1,,False,False,False,False,0.0,0.02,PASS,
CPTAC__luad_cptac_2020__C3L-00368,EGFR G719X; EGFR S768I,Afatinib,,,False,False,False,False,0.0,0.0,PASS,
CPTAC__luad_cptac_2020__C3L-00510,EGFR L858R; Other EGFR alteration,Osimertinib,TP53;KEAP1,,False,False,False,False,0.0,0.02,PASS,
CPTAC__luad_cptac_2020__C3L-00604,EGFR exon 19 deletion,Osimertinib,PIK3CA,PIK3CA/PI3K BYPASS,False,False,True,False,0.3363,0.155,REVIEW,bypass_present_but_resistance_risk_low
CPTAC__luad_cptac_2020__C3L-00893,EGFR exon 19 deletion,Osimertinib,,,False,False,False,False,0.0,0.0,PASS,
CPTAC__luad_cptac_2020__C3L-00913,Other EGFR alteration,Platinum-based Chemotherapy,KRAS;TP53,KRAS/MAPK BYPASS,False,True,False,False,0.1007,0.03,REVIEW,bypass_present_but_resistance_risk_low
CPTAC__luad_cptac_2020__C3L-01330,EGFR L858R,Osimertinib,,,False,False,False,False,0.0,0.0,PASS,
CPTAC__luad_cptac_2020__C3L-02219,EGFR L858R,Osimertinib,,,False,False,False,False,0.0,0.0,PASS,
CPTAC__luad_cptac_2020__C3N-00167,EGFR exon 19 deletion,Osimertinib,TP53,,False,False,False,False,0.0,0.02,PASS,
CPTAC__luad_cptac_2020__C3N-00199,EGFR L858R,Osimertinib,TP53,,False,False,False,False,0.0,0.02,PASS,
CPTAC__luad_cptac_2020__C3N-00203,Other EGFR alteration,Platinum-based Chemotherapy,TP53,,False,False,False,False,0.0597,0.01,PASS,
CPTAC__luad_cptac_2020__C3N-00223,EGFR L858R; Other EGFR alteration,Osimertinib,,,False,False,False,False,0.0,0.0,PASS,
CPTAC__luad_cptac_2020__C3N-00546,EGFR G719X; EGFR S768I,Afatinib,TP53,,False,False,False,False,0.0,0.02,PASS,
CPTAC__luad_cptac_2020__C3N-00550,Other EGFR alteration,Platinum-based Chemotherapy,TP53,,False,False,False,False,0.0519,0.01,PASS,
CPTAC__luad_cptac_2020__C3N-00559,EGFR exon 19 deletion,Osimertinib,TP53,,False,False,False,False,0.0,0.02,PASS,
CPTAC__luad_cptac_2020__C3N-00574,EGFR exon 19 deletion,Osimertinib,TP53,,False,False,False,False,0.0,0.02,PASS,
CPTAC__luad_cptac_2020__C3N-00579,EGFR L858R,Osimertinib,TP53,,False,False,False,False,0.0,0.02,PASS,
CPTAC__luad_cptac_2020__C3N-01021,EGFR G719X; EGFR L861Q,Afatinib,,,False,False,False,False,0.0,0.0,PASS,
CPTAC__luad_cptac_2020__C3N-01024,EGFR exon 19 deletion,Osimertinib,TP53,,False,False,False,False,0.0,0.02,PASS,
CPTAC__luad_cptac_2020__C3N-01413,EGFR exon 19 deletion,Osimertinib,TP53,,False,False,False,False,0.0,0.02,PASS,
CPTAC__luad_cptac_2020__C3N-01415,Other EGFR alteration,Platinum-based Chemotherapy,TP53,,False,False,False,False,0.0602,0.01,PASS,
CPTAC__luad_cptac_2020__C3N-01416,EGFR exon 19 deletion,Osimertinib,,,False,False,False,False,0.0,0.0,PASS,
CPTAC__luad_cptac_2020__C3N-01799,EGFR L858R,Osimertinib,,,False,False,False,False,0.0,0.0,PASS,
CPTAC__luad_cptac_2020__C3N-02002,EGFR L858R,Osimertinib,,,False,False,False,False,0.0,0.0,PASS,
CPTAC__luad_cptac_2020__C3N-02067,EGFR exon 19 deletion; Other EGFR alteration,Osimertinib,TP53,,False,False,False,False,0.0,0.02,PASS,
CPTAC__luad_cptac_2020__C3N-02087,EGFR exon 20 insertion; Other EGFR alteration,Amivantamab,TP53,,False,False,False,False,0.0,0.02,PASS,
CPTAC__luad_cptac_2020__C3N-02145,EGFR exon 19 deletion,Osimertinib,,,False,False,False,False,0.0,0.0,PASS,
CPTAC__luad_cptac_2020__C3N-02155,EGFR L858R,Osimertinib,,,False,False,False,False,0.0,0.0,PASS,
CPTAC__luad_cptac_2020__C3N-02158,EGFR exon 19 deletion,Osimertinib,,,False,False,False,False,0.0,0.0,PASS,
CPTAC__luad_cptac_2020__C3N-02379,EGFR L858R,Osimertinib,TP53,,False,False,False,False,0.0,0.02,PASS,
CPTAC__luad_cptac_2020__C3N-02380,EGFR exon 19 deletion,Osimertinib,,,False,False,False,False,0.0,0.0,PASS,
CPTAC__luad_cptac_2020__C3N-02421,EGFR exon 20 insertion; Other EGFR alteration,Amivantamab,,,False,False,False,False,0.0,0.01,PASS,
CPTAC__luad_cptac_2020__C3N-02424,EGFR L858R,Osimertinib,TP53,,False,False,False,False,0.0,0.02,PASS,
CPTAC__luad_cptac_2020__C3N-02433,EGFR L858R,Osimertinib,,,False,False,False,False,0.0,0.0,PASS,
CPTAC__luad_cptac_2020__C3N-02529,EGFR L858R,Osimertinib,TP53,,False,False,False,False,0.0,0.02,PASS,
CPTAC__luad_cptac_2020__C3N-02572,EGFR L858R,Osimertinib,TP53,,False,False,False,False,0.0,0.02,PASS,
CPTAC__luad_cptac_2020__C3N-02582,EGFR exon 19 deletion,Osimertinib,BRAF;TP53,,False,False,False,False,0.0,0.125,PASS,
CPTAC__luad_cptac_2020__C3N-02729,EGFR L858R,Osimertinib,,,False,False,False,False,0.0,0.0,PASS,
CPTAC__luad_cptac_2020__X11LU013,EGFR exon 20 insertion; Other EGFR alteration,Amivantamab,TP53,,False,False,False,False,0.0,0.02,PASS,
CPTAC__luad_cptac_2020__X11LU016,EGFR G719X; EGFR S768I,Afatinib,PIK3CA;TP53,PIK3CA/PI3K BYPASS,False,False,True,False,0.5042,0.175,PASS,
TCGA__luad_tcga__TCGA-05-4382,Other EGFR alteration,Platinum-based Chemotherapy,BRAF;TP53,,False,False,False,False,0.0638,0.01,PASS,
TCGA__luad_tcga__TCGA-05-4402,EGFR exon 19 deletion,Osimertinib,TP53,,False,False,False,False,0.0,0.02,PASS,
TCGA__luad_tcga__TCGA-05-4410,Other EGFR alteration,Platinum-based Chemotherapy,BRAF;TP53,,False,False,False,False,0.0629,0.01,PASS,
TCGA__luad_tcga__TCGA-05-5423,EGFR L861Q; Other EGFR alteration,Afatinib,TP53,,False,False,False,False,0.0,0.02,PASS,
TCGA__luad_tcga__TCGA-38-4627,EGFR L858R; Other EGFR alteration,Osimertinib,,,False,False,False,False,0.0,0.0,PASS,
TCGA__luad_tcga__TCGA-38-4628,EGFR exon 19 deletion,Osimertinib,,,False,False,False,False,0.0,0.0,PASS,
TCGA__luad_tcga__TCGA-38-6178,EGFR exon 19 deletion,Osimertinib,TP53,,False,False,False,False,0.0,0.02,PASS,
TCGA__luad_tcga__TCGA-44-2661,EGFR exon 19 deletion,Osimertinib,,,False,False,False,False,0.0,0.0,PASS,
TCGA__luad_tcga__TCGA-44-6147,EGFR S768I; Other EGFR alteration,Afatinib,TP53,,False,False,False,False,0.0,0.02,PASS,
TCGA__luad_tcga__TCGA-49-4490,EGFR L858R,Osimertinib,TP53,,False,False,False,False,0.0,0.02,PASS,
TCGA__luad_tcga__TCGA-49-4494,EGFR L858R; EGFR T790M,Osimertinib,,EGFR T790M,False,False,False,True,0.0,0.06,PASS,
TCGA__luad_tcga__TCGA-49-4501,EGFR exon 19 deletion,Osimertinib,,,False,False,False,False,0.0,0.0,PASS,
TCGA__luad_tcga__TCGA-50-5933,Other EGFR alteration,Platinum-based Chemotherapy,MET;KRAS;TP53,MET BYPASS;KRAS/MAPK BYPASS,True,True,False,False,0.1572,0.055,REVIEW,bypass_present_but_resistance_risk_low
TCGA__luad_tcga__TCGA-50-5944,EGFR L858R,Osimertinib,TP53,,False,False,False,False,0.0,0.02,PASS,
TCGA__luad_tcga__TCGA-50-6595,EGFR G719X; EGFR S768I,Afatinib,TP53,,False,False,False,False,0.0,0.02,PASS,
TCGA__luad_tcga__TCGA-50-6673,EGFR exon 20 insertion,Amivantamab,TP53,,False,False,False,False,0.0,0.02,PASS,
TCGA__luad_tcga__TCGA-55-6980,EGFR exon 20 insertion,Amivantamab,,,False,False,False,False,0.0,0.01,PASS,
TCGA__luad_tcga__TCGA-55-6981,EGFR exon 19 deletion,Osimertinib,,,False,False,False,False,0.0,0.0,PASS,
TCGA__luad_tcga__TCGA-55-7573,EGFR exon 19 deletion; Other EGFR alteration,Osimertinib,TP53,,False,False,False,False,0.0,0.02,PASS,
TCGA__luad_tcga__TCGA-64-1681,EGFR L858R,Osimertinib,TP53,,False,False,False,False,0.0,0.02,PASS,
TCGA__luad_tcga__TCGA-67-3771,Other EGFR alteration,Platinum-based Chemotherapy,TP53;KEAP1,,False,False,False,False,0.1253,0.01,PASS,
TCGA__luad_tcga__TCGA-67-3772,EGFR L858R,Osimertinib,,,False,False,False,False,0.0,0.0,PASS,
TCGA__luad_tcga__TCGA-67-6217,EGFR L858R,Osimertinib,,,False,False,False,False,0.0,0.0,PASS,
TCGA__luad_tcga__TCGA-69-7760,EGFR exon 20 insertion,Amivantamab,TP53,,False,False,False,False,0.0,0.02,PASS,
TCGA__luad_tcga__TCGA-69-7765,Other EGFR alteration,Platinum-based Chemotherapy,BRAF;TP53,,False,False,False,False,0.061,0.01,PASS,
TCGA__luad_tcga__TCGA-75-6207,EGFR exon 19 deletion,Osimertinib,TP53,,False,False,False,False,0.0,0.02,PASS,
TCGA__luad_tcga__TCGA-75-6212,EGFR exon 19 deletion,Osimertinib,,,False,False,False,False,0.0,0.0,PASS,
TCGA__luad_tcga__TCGA-75-7025,EGFR exon 19 deletion,Osimertinib,,,False,False,False,False,0.0,0.0,PASS,
TCGA__luad_tcga__TCGA-78-7147,EGFR L861Q; EGFR exon 19 deletion; Other EGFR alteration,Osimertinib,TP53,,False,False,False,False,0.0,0.02,PASS,
TCGA__luad_tcga__TCGA-78-7155,Other EGFR alteration,Platinum-based Chemotherapy,TP53,,False,False,False,False,0.0638,0.01,PASS,
TCGA__luad_tcga__TCGA-78-7158,Other EGFR alteration,Platinum-based Chemotherapy,KEAP1,,False,False,False,False,0.0112,0.0,PASS,
TCGA__luad_tcga__TCGA-91-6835,EGFR L858R,Osimertinib,,,False,False,False,False,0.0,0.0,PASS,
TCGA__luad_tcga__TCGA-91-6847,EGFR L861Q,Platinum-based Chemotherapy,MET;TP53,MET BYPASS,True,False,False,False,0.1087,0.035,REVIEW,bypass_present_but_resistance_risk_low
TCGA__luad_tcga__TCGA-95-7039,Other EGFR alteration,Platinum-based Chemotherapy,KRAS;PIK3CA;BRAF;TP53,KRAS/MAPK BYPASS;PIK3CA/PI3K BYPASS,False,True,True,False,0.1386,0.045,REVIEW,bypass_present_but_resistance_risk_low
TCGA__luad_tcga__TCGA-95-7947,Other EGFR alteration,Platinum-based Chemotherapy,PIK3CA;TP53;KEAP1,PIK3CA/PI3K BYPASS,False,False,True,False,0.1552,0.025,REVIEW,bypass_present_but_resistance_risk_low
