patient_id,egfr,alteration_class,old_best_drug,new_best_drug,old_best_score,new_best_score,correction_applied,correction_notes
CPTAC__luad_cptac_2020__C3L-00093,EGFR L858R; Other EGFR alteration EGFR L858R; Other EGFR alteration p.A871G; p.L858R p.A871G; p.L858R,EGFR L858R,Osimertinib,Osimertinib,0.4995,0.5432,True,Classical EGFR correction checked for EGFR L858R.
CPTAC__luad_cptac_2020__C3L-00368,EGFR G719X; EGFR S768I EGFR G719X; EGFR S768I p.G719A; p.S768I p.G719A; p.S768I,EGFR G719X,Afatinib,Afatinib,0.4552,0.5031,True,Uncommon EGFR correction applied for EGFR G719X: Afatinib/Osimertinib boosted above fallback.
CPTAC__luad_cptac_2020__C3L-00510,EGFR L858R; Other EGFR alteration EGFR L858R; Other EGFR alteration p.L62R; p.L858R p.L62R; p.L858R,EGFR L858R,Osimertinib,Osimertinib,0.5009,0.5443,True,Classical EGFR correction checked for EGFR L858R.
CPTAC__luad_cptac_2020__C3L-00604,EGFR exon 19 deletion EGFR exon 19 deletion p.E746_A750del p.E746_A750del,EGFR exon 19 deletion,Osimertinib,Osimertinib,0.4338,0.5332,True,Classical EGFR correction checked for EGFR exon 19 deletion. | Bypass calibration applied for: PIK3CA.
CPTAC__luad_cptac_2020__C3L-00893,EGFR exon 19 deletion EGFR exon 19 deletion p.E746_A750del p.E746_A750del,EGFR exon 19 deletion,Osimertinib,Osimertinib,0.5639,0.5951,True,Classical EGFR correction checked for EGFR exon 19 deletion.
CPTAC__luad_cptac_2020__C3L-00913,Other EGFR alteration Other EGFR alteration p.L777L p.L777L,Other EGFR alteration,Platinum-based Chemotherapy,Platinum-based Chemotherapy,0.1865,0.2467,True,"Other EGFR alteration handled as cautious fallback, not automatic targeted therapy. | Bypass calibration applied for: KRAS."
CPTAC__luad_cptac_2020__C3L-01330,EGFR L858R EGFR L858R p.L858R p.L858R,EGFR L858R,Osimertinib,Osimertinib,0.5646,0.5957,True,Classical EGFR correction checked for EGFR L858R.
CPTAC__luad_cptac_2020__C3L-02219,EGFR L858R EGFR L858R p.L858R p.L858R,EGFR L858R,Osimertinib,Osimertinib,0.5638,0.5951,True,Classical EGFR correction checked for EGFR L858R.
CPTAC__luad_cptac_2020__C3N-00167,EGFR exon 19 deletion EGFR exon 19 deletion p.E746_A750del p.E746_A750del,EGFR exon 19 deletion,Osimertinib,Osimertinib,0.5261,0.5645,True,Classical EGFR correction checked for EGFR exon 19 deletion.
CPTAC__luad_cptac_2020__C3N-00199,EGFR L858R EGFR L858R p.L858R p.L858R,EGFR L858R,Osimertinib,Osimertinib,0.5235,0.5624,True,Classical EGFR correction checked for EGFR L858R.
CPTAC__luad_cptac_2020__C3N-00203,Other EGFR alteration Other EGFR alteration p.K479I p.K479I,Other EGFR alteration,Platinum-based Chemotherapy,Platinum-based Chemotherapy,0.1897,0.2497,True,"Other EGFR alteration handled as cautious fallback, not automatic targeted therapy."
CPTAC__luad_cptac_2020__C3N-00223,EGFR L858R; Other EGFR alteration EGFR L858R; Other EGFR alteration p.L747V; p.L858R p.L747V; p.L858R,EGFR L858R,Osimertinib,Osimertinib,0.5652,0.5961,True,Classical EGFR correction checked for EGFR L858R.
CPTAC__luad_cptac_2020__C3N-00546,EGFR G719X; EGFR S768I EGFR G719X; EGFR S768I p.G719S; p.S768I p.G719S; p.S768I,EGFR G719X,Afatinib,Afatinib,0.4158,0.4712,True,Uncommon EGFR correction applied for EGFR G719X: Afatinib/Osimertinib boosted above fallback.
CPTAC__luad_cptac_2020__C3N-00550,Other EGFR alteration Other EGFR alteration p.H358R p.H358R,Other EGFR alteration,Platinum-based Chemotherapy,Platinum-based Chemotherapy,0.1928,0.2522,True,"Other EGFR alteration handled as cautious fallback, not automatic targeted therapy."
CPTAC__luad_cptac_2020__C3N-00559,EGFR exon 19 deletion EGFR exon 19 deletion p.E746_A750del p.E746_A750del,EGFR exon 19 deletion,Osimertinib,Osimertinib,0.5256,0.5641,True,Classical EGFR correction checked for EGFR exon 19 deletion.
CPTAC__luad_cptac_2020__C3N-00574,EGFR exon 19 deletion EGFR exon 19 deletion p.A750E; p.E746_A750del p.A750E; p.E746_A750del,EGFR exon 19 deletion,Osimertinib,Osimertinib,0.5254,0.5639,True,Classical EGFR correction checked for EGFR exon 19 deletion.
CPTAC__luad_cptac_2020__C3N-00579,EGFR L858R EGFR L858R p.L858R p.L858R,EGFR L858R,Osimertinib,Osimertinib,0.5253,0.5638,True,Classical EGFR correction checked for EGFR L858R.
CPTAC__luad_cptac_2020__C3N-01021,EGFR G719X; EGFR L861Q EGFR G719X; EGFR L861Q p.G719A; p.L861Q p.G719A; p.L861Q,EGFR G719X,Afatinib,Afatinib,0.4568,0.5043,True,Uncommon EGFR correction applied for EGFR G719X: Afatinib/Osimertinib boosted above fallback.
CPTAC__luad_cptac_2020__C3N-01024,EGFR exon 19 deletion EGFR exon 19 deletion p.E746_A750del p.E746_A750del,EGFR exon 19 deletion,Osimertinib,Osimertinib,0.5254,0.5639,True,Classical EGFR correction checked for EGFR exon 19 deletion.
CPTAC__luad_cptac_2020__C3N-01413,EGFR exon 19 deletion EGFR exon 19 deletion p.E746_A750del p.E746_A750del,EGFR exon 19 deletion,Osimertinib,Osimertinib,0.5258,0.5642,True,Classical EGFR correction checked for EGFR exon 19 deletion.
CPTAC__luad_cptac_2020__C3N-01415,Other EGFR alteration Other EGFR alteration p.F1151F p.F1151F,Other EGFR alteration,Platinum-based Chemotherapy,Platinum-based Chemotherapy,0.1895,0.2495,True,"Other EGFR alteration handled as cautious fallback, not automatic targeted therapy."
CPTAC__luad_cptac_2020__C3N-01416,EGFR exon 19 deletion EGFR exon 19 deletion p.E746_A750del p.E746_A750del,EGFR exon 19 deletion,Osimertinib,Osimertinib,0.5639,0.5951,True,Classical EGFR correction checked for EGFR exon 19 deletion.
CPTAC__luad_cptac_2020__C3N-01799,EGFR L858R EGFR L858R p.L858R p.L858R,EGFR L858R,Osimertinib,Osimertinib,0.5646,0.5957,True,Classical EGFR correction checked for EGFR L858R.
CPTAC__luad_cptac_2020__C3N-02002,EGFR L858R EGFR L858R p.L858R p.L858R,EGFR L858R,Osimertinib,Osimertinib,0.5648,0.5959,True,Classical EGFR correction checked for EGFR L858R.
CPTAC__luad_cptac_2020__C3N-02067,EGFR exon 19 deletion; Other EGFR alteration EGFR exon 19 deletion; Other EGFR alteration p.L747_A750del; p.T751P p.L747_A750del; p.T751P,EGFR exon 19 deletion,Osimertinib,Osimertinib,0.5262,0.5645,True,Classical EGFR correction checked for EGFR exon 19 deletion.
CPTAC__luad_cptac_2020__C3N-02087,EGFR exon 20 insertion; Other EGFR alteration EGFR exon 20 insertion; Other EGFR alteration p.E746_S752delinsA; p.S752F p.E746_S752delinsA; p.S752F,EGFR exon 20 insertion,Amivantamab,Amivantamab,0.4609,0.4963,True,Exon 20 insertion correction applied: Amivantamab prioritized; older TKIs penalized.
CPTAC__luad_cptac_2020__C3N-02145,EGFR exon 19 deletion EGFR exon 19 deletion p.E746_A750del p.E746_A750del,EGFR exon 19 deletion,Osimertinib,Osimertinib,0.5653,0.5962,True,Classical EGFR correction checked for EGFR exon 19 deletion.
CPTAC__luad_cptac_2020__C3N-02155,EGFR L858R EGFR L858R p.L858R p.L858R,EGFR L858R,Osimertinib,Osimertinib,0.5632,0.5945,True,Classical EGFR correction checked for EGFR L858R.
CPTAC__luad_cptac_2020__C3N-02158,EGFR exon 19 deletion EGFR exon 19 deletion p.E746_A750del p.E746_A750del,EGFR exon 19 deletion,Osimertinib,Osimertinib,0.5648,0.5958,True,Classical EGFR correction checked for EGFR exon 19 deletion.
CPTAC__luad_cptac_2020__C3N-02379,EGFR L858R EGFR L858R p.L858R p.L858R,EGFR L858R,Osimertinib,Osimertinib,0.5254,0.5639,True,Classical EGFR correction checked for EGFR L858R.
CPTAC__luad_cptac_2020__C3N-02380,EGFR exon 19 deletion EGFR exon 19 deletion p.E746_A750del p.E746_A750del,EGFR exon 19 deletion,Osimertinib,Osimertinib,0.5649,0.5959,True,Classical EGFR correction checked for EGFR exon 19 deletion.
CPTAC__luad_cptac_2020__C3N-02421,EGFR exon 20 insertion; Other EGFR alteration EGFR exon 20 insertion; Other EGFR alteration p.E746_S752delinsA; p.S752F p.E746_S752delinsA; p.S752F,EGFR exon 20 insertion,Amivantamab,Amivantamab,0.4981,0.5263,True,Exon 20 insertion correction applied: Amivantamab prioritized; older TKIs penalized.
CPTAC__luad_cptac_2020__C3N-02424,EGFR L858R EGFR L858R p.L858R p.L858R,EGFR L858R,Osimertinib,Osimertinib,0.5254,0.5639,True,Classical EGFR correction checked for EGFR L858R.
CPTAC__luad_cptac_2020__C3N-02433,EGFR L858R EGFR L858R p.L858R p.L858R,EGFR L858R,Osimertinib,Osimertinib,0.5646,0.5956,True,Classical EGFR correction checked for EGFR L858R.
CPTAC__luad_cptac_2020__C3N-02529,EGFR L858R EGFR L858R p.L858R p.L858R,EGFR L858R,Osimertinib,Osimertinib,0.5246,0.5633,True,Classical EGFR correction checked for EGFR L858R.
CPTAC__luad_cptac_2020__C3N-02572,EGFR L858R EGFR L858R p.L858R p.L858R,EGFR L858R,Osimertinib,Osimertinib,0.5258,0.5642,True,Classical EGFR correction checked for EGFR L858R.
CPTAC__luad_cptac_2020__C3N-02582,EGFR exon 19 deletion EGFR exon 19 deletion p.E746_A750del p.E746_A750del,EGFR exon 19 deletion,Osimertinib,Osimertinib,0.5037,0.522,True,Classical EGFR correction checked for EGFR exon 19 deletion. | Bypass calibration applied for: BRAF.
CPTAC__luad_cptac_2020__C3N-02729,EGFR L858R EGFR L858R p.L858R p.L858R,EGFR L858R,Osimertinib,Osimertinib,0.5652,0.5962,True,Classical EGFR correction checked for EGFR L858R.
CPTAC__luad_cptac_2020__X11LU013,EGFR exon 20 insertion; Other EGFR alteration EGFR exon 20 insertion; Other EGFR alteration p.E746_S752delinsA; p.S752F p.E746_S752delinsA; p.S752F,EGFR exon 20 insertion,Amivantamab,Amivantamab,0.4605,0.496,True,Exon 20 insertion correction applied: Amivantamab prioritized; older TKIs penalized.
CPTAC__luad_cptac_2020__X11LU016,EGFR G719X; EGFR S768I EGFR G719X; EGFR S768I p.G719C; p.S768I p.G719C; p.S768I,EGFR G719X,Afatinib,Afatinib,0.2829,0.3887,True,Uncommon EGFR correction applied for EGFR G719X: Afatinib/Osimertinib boosted above fallback. | Bypass calibration applied for: PIK3CA.
TCGA__luad_tcga__TCGA-05-4382,Other EGFR alteration Other EGFR alteration p.E545Q; p.R222L p.E545Q; p.R222L,Other EGFR alteration,Platinum-based Chemotherapy,Platinum-based Chemotherapy,0.1881,0.2484,True,"Other EGFR alteration handled as cautious fallback, not automatic targeted therapy. | Bypass calibration applied for: BRAF."
TCGA__luad_tcga__TCGA-05-4402,EGFR exon 19 deletion EGFR exon 19 deletion p.T751_E758del p.T751_E758del,EGFR exon 19 deletion,Osimertinib,Osimertinib,0.524,0.5628,True,Classical EGFR correction checked for EGFR exon 19 deletion.
TCGA__luad_tcga__TCGA-05-4410,Other EGFR alteration Other EGFR alteration p.R377S p.R377S,Other EGFR alteration,Platinum-based Chemotherapy,Platinum-based Chemotherapy,0.1884,0.2486,True,"Other EGFR alteration handled as cautious fallback, not automatic targeted therapy. | Bypass calibration applied for: BRAF."
TCGA__luad_tcga__TCGA-05-5423,EGFR L861Q; Other EGFR alteration EGFR L861Q; Other EGFR alteration p.L833F; p.L861Q p.L833F; p.L861Q,EGFR L861Q,Afatinib,Afatinib,0.4156,0.471,True,Uncommon EGFR correction applied for EGFR L861Q: Afatinib/Osimertinib boosted above fallback.
TCGA__luad_tcga__TCGA-38-4627,EGFR L858R; Other EGFR alteration EGFR L858R; Other EGFR alteration p.L62R; p.L858R p.L62R; p.L858R,EGFR L858R,Osimertinib,Osimertinib,0.565,0.596,True,Classical EGFR correction checked for EGFR L858R.
TCGA__luad_tcga__TCGA-38-4628,EGFR exon 19 deletion EGFR exon 19 deletion p.E746_A750del p.E746_A750del,EGFR exon 19 deletion,Osimertinib,Osimertinib,0.5632,0.5945,True,Classical EGFR correction checked for EGFR exon 19 deletion.
TCGA__luad_tcga__TCGA-38-6178,EGFR exon 19 deletion EGFR exon 19 deletion p.E746_A750del p.E746_A750del,EGFR exon 19 deletion,Osimertinib,Osimertinib,0.5249,0.5636,True,Classical EGFR correction checked for EGFR exon 19 deletion.
TCGA__luad_tcga__TCGA-44-2661,EGFR exon 19 deletion EGFR exon 19 deletion p.E746_A750del p.E746_A750del,EGFR exon 19 deletion,Osimertinib,Osimertinib,0.5643,0.5954,True,Classical EGFR correction checked for EGFR exon 19 deletion.
TCGA__luad_tcga__TCGA-44-6147,EGFR S768I; Other EGFR alteration EGFR S768I; Other EGFR alteration p.S768I; p.V769L p.S768I; p.V769L,EGFR S768I,Afatinib,Afatinib,0.4151,0.4706,True,Uncommon EGFR correction applied for EGFR S768I: Afatinib/Osimertinib boosted above fallback.
TCGA__luad_tcga__TCGA-49-4490,EGFR L858R EGFR L858R p.L858R p.L858R,EGFR L858R,Osimertinib,Osimertinib,0.525,0.5636,True,Classical EGFR correction checked for EGFR L858R.
TCGA__luad_tcga__TCGA-49-4494,EGFR L858R; EGFR T790M EGFR L858R; EGFR T790M p.L858R; p.T790M p.L858R; p.T790M,EGFR T790M,Osimertinib,Osimertinib,0.5507,0.5834,True,T790M correction applied: Osimertinib prioritized; Erlotinib/Gefitinib penalized.
TCGA__luad_tcga__TCGA-49-4501,EGFR exon 19 deletion EGFR exon 19 deletion p.E746_A750del p.E746_A750del,EGFR exon 19 deletion,Osimertinib,Osimertinib,0.5638,0.595,True,Classical EGFR correction checked for EGFR exon 19 deletion.
TCGA__luad_tcga__TCGA-50-5933,Other EGFR alteration Other EGFR alteration p.P753= p.P753=,Other EGFR alteration,Platinum-based Chemotherapy,Platinum-based Chemotherapy,0.1804,0.2413,True,"Other EGFR alteration handled as cautious fallback, not automatic targeted therapy. | Bypass calibration applied for: MET, KRAS."
TCGA__luad_tcga__TCGA-50-5944,EGFR L858R EGFR L858R p.L858R p.L858R,EGFR L858R,Osimertinib,Osimertinib,0.525,0.5636,True,Classical EGFR correction checked for EGFR L858R.
TCGA__luad_tcga__TCGA-50-6595,EGFR G719X; EGFR S768I EGFR G719X; EGFR S768I p.G719A; p.S768I p.G719A; p.S768I,EGFR G719X,Afatinib,Afatinib,0.416,0.4713,True,Uncommon EGFR correction applied for EGFR G719X: Afatinib/Osimertinib boosted above fallback.
TCGA__luad_tcga__TCGA-50-6673,EGFR exon 20 insertion EGFR exon 20 insertion p.H773dup p.H773dup,EGFR exon 20 insertion,Amivantamab,Amivantamab,0.4604,0.4959,True,Exon 20 insertion correction applied: Amivantamab prioritized; older TKIs penalized.
TCGA__luad_tcga__TCGA-55-6980,EGFR exon 20 insertion EGFR exon 20 insertion p.E709_T710delinsD p.E709_T710delinsD,EGFR exon 20 insertion,Amivantamab,Amivantamab,0.4989,0.5269,True,Exon 20 insertion correction applied: Amivantamab prioritized; older TKIs penalized.
TCGA__luad_tcga__TCGA-55-6981,EGFR exon 19 deletion EGFR exon 19 deletion p.L747_T751del p.L747_T751del,EGFR exon 19 deletion,Osimertinib,Osimertinib,0.5642,0.5954,True,Classical EGFR correction checked for EGFR exon 19 deletion.
TCGA__luad_tcga__TCGA-55-7573,EGFR exon 19 deletion; Other EGFR alteration EGFR exon 19 deletion; Other EGFR alteration p.K754E; p.L747_E749del p.K754E; p.L747_E749del,EGFR exon 19 deletion,Osimertinib,Osimertinib,0.5254,0.5639,True,Classical EGFR correction checked for EGFR exon 19 deletion.
TCGA__luad_tcga__TCGA-64-1681,EGFR L858R EGFR L858R p.L858R p.L858R,EGFR L858R,Osimertinib,Osimertinib,0.5248,0.5635,True,Classical EGFR correction checked for EGFR L858R.
TCGA__luad_tcga__TCGA-67-3771,Other EGFR alteration Other EGFR alteration p.I853= p.I853=,Other EGFR alteration,Platinum-based Chemotherapy,Platinum-based Chemotherapy,0.1635,0.2287,True,"Other EGFR alteration handled as cautious fallback, not automatic targeted therapy."
TCGA__luad_tcga__TCGA-67-3772,EGFR L858R EGFR L858R p.L858R p.L858R,EGFR L858R,Osimertinib,Osimertinib,0.5638,0.595,True,Classical EGFR correction checked for EGFR L858R.
TCGA__luad_tcga__TCGA-67-6217,EGFR L858R EGFR L858R p.L858R p.L858R,EGFR L858R,Osimertinib,Osimertinib,0.5628,0.5942,True,Classical EGFR correction checked for EGFR L858R.
TCGA__luad_tcga__TCGA-69-7760,EGFR exon 20 insertion EGFR exon 20 insertion p.E709_T710delinsD p.E709_T710delinsD,EGFR exon 20 insertion,Amivantamab,Amivantamab,0.4597,0.4954,True,Exon 20 insertion correction applied: Amivantamab prioritized; older TKIs penalized.
TCGA__luad_tcga__TCGA-69-7765,Other EGFR alteration Other EGFR alteration p.Q486* p.Q486*,Other EGFR alteration,Platinum-based Chemotherapy,Platinum-based Chemotherapy,0.1892,0.2493,True,"Other EGFR alteration handled as cautious fallback, not automatic targeted therapy. | Bypass calibration applied for: BRAF."
TCGA__luad_tcga__TCGA-75-6207,EGFR exon 19 deletion EGFR exon 19 deletion p.E746_A750del p.E746_A750del,EGFR exon 19 deletion,Osimertinib,Osimertinib,0.5251,0.5637,True,Classical EGFR correction checked for EGFR exon 19 deletion.
TCGA__luad_tcga__TCGA-75-6212,EGFR exon 19 deletion EGFR exon 19 deletion p.L747_E749del p.L747_E749del,EGFR exon 19 deletion,Osimertinib,Osimertinib,0.5653,0.5963,True,Classical EGFR correction checked for EGFR exon 19 deletion.
TCGA__luad_tcga__TCGA-75-7025,EGFR exon 19 deletion EGFR exon 19 deletion p.E746_A750del p.E746_A750del,EGFR exon 19 deletion,Osimertinib,Osimertinib,0.5648,0.5958,True,Classical EGFR correction checked for EGFR exon 19 deletion.
TCGA__luad_tcga__TCGA-78-7147,EGFR L861Q; EGFR exon 19 deletion; Other EGFR alteration EGFR L861Q; EGFR exon 19 deletion; Other EGFR alteration p.D1083Efs*11; p.L387M; p.L861Q p.D1083Efs*11; p.L387M; p.L861Q,EGFR exon 19 deletion,Osimertinib,Osimertinib,0.523,0.562,True,Classical EGFR correction checked for EGFR exon 19 deletion.
TCGA__luad_tcga__TCGA-78-7155,Other EGFR alteration Other EGFR alteration p.G901V; p.K754I; p.Q432H p.G901V; p.K754I; p.Q432H,Other EGFR alteration,Platinum-based Chemotherapy,Platinum-based Chemotherapy,0.1881,0.2484,True,"Other EGFR alteration handled as cautious fallback, not automatic targeted therapy."
TCGA__luad_tcga__TCGA-78-7158,Other EGFR alteration Other EGFR alteration p.L907M p.L907M,Other EGFR alteration,Platinum-based Chemotherapy,Platinum-based Chemotherapy,0.2025,0.2601,True,"Other EGFR alteration handled as cautious fallback, not automatic targeted therapy."
TCGA__luad_tcga__TCGA-91-6835,EGFR L858R EGFR L858R p.L858R p.L858R,EGFR L858R,Osimertinib,Osimertinib,0.5636,0.5949,True,Classical EGFR correction checked for EGFR L858R.
TCGA__luad_tcga__TCGA-91-6847,EGFR L861Q EGFR L861Q p.L861Q p.L861Q,EGFR L861Q,Platinum-based Chemotherapy,Afatinib,0.1866,0.3481,True,Uncommon EGFR correction applied for EGFR L861Q: Afatinib/Osimertinib boosted above fallback. | Bypass calibration applied for: MET.
TCGA__luad_tcga__TCGA-95-7039,Other EGFR alteration Other EGFR alteration p.S921R p.S921R,Other EGFR alteration,Platinum-based Chemotherapy,Platinum-based Chemotherapy,0.1813,0.2422,True,"Other EGFR alteration handled as cautious fallback, not automatic targeted therapy. | Bypass calibration applied for: KRAS, PIK3CA, BRAF."
TCGA__luad_tcga__TCGA-95-7947,Other EGFR alteration Other EGFR alteration p.I91V; p.R1052I p.I91V; p.R1052I,Other EGFR alteration,Platinum-based Chemotherapy,Platinum-based Chemotherapy,0.1614,0.2267,True,"Other EGFR alteration handled as cautious fallback, not automatic targeted therapy. | Bypass calibration applied for: PIK3CA."
