patient_id,global_patient_id,source_group,source_name,source_patient_id,age,age_display,sex,stage,histology,egfr_text,egfr_group,exact_protein_change,secondary_mutations,has_MET,has_KRAS,has_PIK3CA,has_BRAF,has_TP53,has_STK11,has_KEAP1,recommended_treatment,ranking_final_score,predicted_efficiency_proxy,resistance_risk_proxy,public_high_trust_score_15B,public_high_trust_status_15B,pathway_EGFR_proxy,pathway_MET_proxy,pathway_PI3K_AKT_proxy,pathway_MAPK_ERK_proxy,micro_resistance_level_proxy,final_timeline_response_proxy,final_tumor_volume_proxy,final_viability_proxy,final_resistance_proxy,real_survival_status,real_overall_survival_months,has_real_survival_status,has_real_overall_survival,has_real_treatment_received,has_real_response_label,has_real_pfs_label,has_any_real_outcome_label,label_quality,training_use,model_version
CPTAC__luad_cptac_2020__C3L-00093,CPTAC__luad_cptac_2020__C3L-00093,CPTAC,luad_cptac_2020,C3L-00093,66.0,66 years,Female,1B,Lung adenocarcinoma / NSCLC context,EGFR L858R; Other EGFR alteration EGFR L858R; Other EGFR alteration p.A871G; p.L858R p.A871G; p.L858R,EGFR L858R,p.A871G; p.L858R,TP53;KEAP1,0,0,0,0,1,0,1,Osimertinib,0.5432,0.8592,0.0,1.0,HIGH_TRUST_PUBLIC_VALIDATION_SUPPORTED_AFTER_15B,0.95,0.0,0.3525,0.3525,0.0,Stabilization proxy,0.8529,0.6042,0.38,,,False,False,False,False,False,False,NO_REAL_OUTCOME_LABEL_YET,do_not_train_response_model_yet,EGFR_Global_TrustedEvidenceFusion_v1_15B_civic_label_citation_repair
CPTAC__luad_cptac_2020__C3L-00368,CPTAC__luad_cptac_2020__C3L-00368,CPTAC,luad_cptac_2020,C3L-00368,67.0,67 years,Female,1A,Lung adenocarcinoma / NSCLC context,EGFR G719X; EGFR S768I EGFR G719X; EGFR S768I p.G719A; p.S768I p.G719A; p.S768I,EGFR G719X,p.G719A; p.S768I,,0,0,0,0,0,0,0,Afatinib,0.5031,0.8097,0.0,0.9519,HIGH_TRUST_PUBLIC_VALIDATION_SUPPORTED_AFTER_15B,1.0,0.0,0.35,0.35,0.0,Partial response proxy,0.6769,0.573,0.38,,,False,False,False,False,False,False,NO_REAL_OUTCOME_LABEL_YET,do_not_train_response_model_yet,EGFR_Global_TrustedEvidenceFusion_v1_15B_civic_label_citation_repair
CPTAC__luad_cptac_2020__C3L-00510,CPTAC__luad_cptac_2020__C3L-00510,CPTAC,luad_cptac_2020,C3L-00510,80.0,80 years,Female,1A,Lung adenocarcinoma / NSCLC context,EGFR L858R; Other EGFR alteration EGFR L858R; Other EGFR alteration p.L62R; p.L858R p.L62R; p.L858R,EGFR L858R,p.L62R; p.L858R,TP53;KEAP1,0,0,0,0,1,0,1,Osimertinib,0.5443,0.862,0.0,1.0,HIGH_TRUST_PUBLIC_VALIDATION_SUPPORTED_AFTER_15B,0.95,0.0,0.3525,0.3525,0.0,Stabilization proxy,0.8439,0.6001,0.38,,,False,False,False,False,False,False,NO_REAL_OUTCOME_LABEL_YET,do_not_train_response_model_yet,EGFR_Global_TrustedEvidenceFusion_v1_15B_civic_label_citation_repair
CPTAC__luad_cptac_2020__C3L-00604,CPTAC__luad_cptac_2020__C3L-00604,CPTAC,luad_cptac_2020,C3L-00604,61.0,61 years,Female,3A,Lung adenocarcinoma / NSCLC context,EGFR exon 19 deletion EGFR exon 19 deletion p.E746_A750del p.E746_A750del,EGFR exon 19 deletion,p.E746_A750del,PIK3CA,0,0,1,0,0,0,0,Osimertinib,0.5332,0.8782,0.35,1.0,HIGH_TRUST_PUBLIC_VALIDATION_SUPPORTED_AFTER_15B,0.95,0.0673,0.65,0.3625,0.35,Partial response proxy,0.6152,0.5155,0.5784,,,False,False,False,False,False,False,NO_REAL_OUTCOME_LABEL_YET,do_not_train_response_model_yet,EGFR_Global_TrustedEvidenceFusion_v1_15B_civic_label_citation_repair
CPTAC__luad_cptac_2020__C3L-00893,CPTAC__luad_cptac_2020__C3L-00893,CPTAC,luad_cptac_2020,C3L-00893,71.0,71 years,Male,1B,Lung adenocarcinoma / NSCLC context,EGFR exon 19 deletion EGFR exon 19 deletion p.E746_A750del p.E746_A750del,EGFR exon 19 deletion,p.E746_A750del,,0,0,0,0,0,0,0,Osimertinib,0.5951,0.9878,0.0,1.0,HIGH_TRUST_PUBLIC_VALIDATION_SUPPORTED_AFTER_15B,0.95,0.0,0.3325,0.3325,0.0,Partial response proxy,0.5296,0.4206,0.38,,,False,False,False,False,False,False,NO_REAL_OUTCOME_LABEL_YET,do_not_train_response_model_yet,EGFR_Global_TrustedEvidenceFusion_v1_15B_civic_label_citation_repair
CPTAC__luad_cptac_2020__C3L-00913,CPTAC__luad_cptac_2020__C3L-00913,CPTAC,luad_cptac_2020,C3L-00913,66.0,66 years,Male,3A,Lung adenocarcinoma / NSCLC context,Other EGFR alteration Other EGFR alteration p.L777L p.L777L,Other EGFR alteration,p.L777L,KRAS;TP53,0,1,0,0,1,0,0,Platinum-based Chemotherapy,0.2467,0.3791,0.35,0.6425,PARTIAL_PUBLIC_VALIDATION_SUPPORTED_AFTER_15B,0.8,0.0201,0.34,0.65,0.35,Progression proxy,1.3357,0.9433,0.4394,,,False,False,False,False,False,False,NO_REAL_OUTCOME_LABEL_YET,do_not_train_response_model_yet,EGFR_Global_TrustedEvidenceFusion_v1_15B_civic_label_citation_repair
CPTAC__luad_cptac_2020__C3L-01330,CPTAC__luad_cptac_2020__C3L-01330,CPTAC,luad_cptac_2020,C3L-01330,68.0,68 years,Female,1A,Lung adenocarcinoma / NSCLC context,EGFR L858R EGFR L858R p.L858R p.L858R,EGFR L858R,p.L858R,,0,0,0,0,0,0,0,Osimertinib,0.5957,0.9893,0.0,1.0,HIGH_TRUST_PUBLIC_VALIDATION_SUPPORTED_AFTER_15B,0.95,0.0,0.3325,0.3325,0.0,Partial response proxy,0.5265,0.4184,0.38,,,False,False,False,False,False,False,NO_REAL_OUTCOME_LABEL_YET,do_not_train_response_model_yet,EGFR_Global_TrustedEvidenceFusion_v1_15B_civic_label_citation_repair
CPTAC__luad_cptac_2020__C3L-02219,CPTAC__luad_cptac_2020__C3L-02219,CPTAC,luad_cptac_2020,C3L-02219,77.0,77 years,Male,3A,Lung adenocarcinoma / NSCLC context,EGFR L858R EGFR L858R p.L858R p.L858R,EGFR L858R,p.L858R,,0,0,0,0,0,0,0,Osimertinib,0.5951,0.9876,0.0,1.0,HIGH_TRUST_PUBLIC_VALIDATION_SUPPORTED_AFTER_15B,0.95,0.0,0.3325,0.3325,0.0,Partial response proxy,0.5299,0.4209,0.38,,,False,False,False,False,False,False,NO_REAL_OUTCOME_LABEL_YET,do_not_train_response_model_yet,EGFR_Global_TrustedEvidenceFusion_v1_15B_civic_label_citation_repair
CPTAC__luad_cptac_2020__C3N-00167,CPTAC__luad_cptac_2020__C3N-00167,CPTAC,luad_cptac_2020,C3N-00167,64.0,64 years,Male,2A,Lung adenocarcinoma / NSCLC context,EGFR exon 19 deletion EGFR exon 19 deletion p.E746_A750del p.E746_A750del,EGFR exon 19 deletion,p.E746_A750del,TP53,0,0,0,0,1,0,0,Osimertinib,0.5645,0.9119,0.0,1.0,HIGH_TRUST_PUBLIC_VALIDATION_SUPPORTED_AFTER_15B,0.95,0.0,0.3525,0.3525,0.0,Partial response proxy,0.6961,0.5261,0.38,,,False,False,False,False,False,False,NO_REAL_OUTCOME_LABEL_YET,do_not_train_response_model_yet,EGFR_Global_TrustedEvidenceFusion_v1_15B_civic_label_citation_repair
CPTAC__luad_cptac_2020__C3N-00199,CPTAC__luad_cptac_2020__C3N-00199,CPTAC,luad_cptac_2020,C3N-00199,65.0,65 years,Male,1A,Lung adenocarcinoma / NSCLC context,EGFR L858R EGFR L858R p.L858R p.L858R,EGFR L858R,p.L858R,TP53,0,0,0,0,1,0,0,Osimertinib,0.5624,0.9067,0.0,1.0,HIGH_TRUST_PUBLIC_VALIDATION_SUPPORTED_AFTER_15B,0.95,0.0,0.3525,0.3525,0.0,Stabilization proxy,0.7103,0.5338,0.38,,,False,False,False,False,False,False,NO_REAL_OUTCOME_LABEL_YET,do_not_train_response_model_yet,EGFR_Global_TrustedEvidenceFusion_v1_15B_civic_label_citation_repair
CPTAC__luad_cptac_2020__C3N-00203,CPTAC__luad_cptac_2020__C3N-00203,CPTAC,luad_cptac_2020,C3N-00203,72.0,72 years,Male,2B,Lung adenocarcinoma / NSCLC context,Other EGFR alteration Other EGFR alteration p.K479I p.K479I,Other EGFR alteration,p.K479I,TP53,0,0,0,0,1,0,0,Platinum-based Chemotherapy,0.2497,0.3819,0.0305,0.6425,PARTIAL_PUBLIC_VALIDATION_SUPPORTED_AFTER_15B,0.8,0.0119,0.3,0.3,0.0597,Progression proxy,1.3336,0.9407,0.4152,,,False,False,False,False,False,False,NO_REAL_OUTCOME_LABEL_YET,do_not_train_response_model_yet,EGFR_Global_TrustedEvidenceFusion_v1_15B_civic_label_citation_repair
CPTAC__luad_cptac_2020__C3N-00223,CPTAC__luad_cptac_2020__C3N-00223,CPTAC,luad_cptac_2020,C3N-00223,69.0,69 years,Female,Unknown,Lung adenocarcinoma / NSCLC context,EGFR L858R; Other EGFR alteration EGFR L858R; Other EGFR alteration p.L747V; p.L858R p.L747V; p.L858R,EGFR L858R,p.L747V; p.L858R,,0,0,0,0,0,0,0,Osimertinib,0.5961,0.9904,0.0,1.0,HIGH_TRUST_PUBLIC_VALIDATION_SUPPORTED_AFTER_15B,0.95,0.0,0.3325,0.3325,0.0,Partial response proxy,0.5242,0.4168,0.38,,,False,False,False,False,False,False,NO_REAL_OUTCOME_LABEL_YET,do_not_train_response_model_yet,EGFR_Global_TrustedEvidenceFusion_v1_15B_civic_label_citation_repair
CPTAC__luad_cptac_2020__C3N-00546,CPTAC__luad_cptac_2020__C3N-00546,CPTAC,luad_cptac_2020,C3N-00546,58.0,58 years,Male,2A,Lung adenocarcinoma / NSCLC context,EGFR G719X; EGFR S768I EGFR G719X; EGFR S768I p.G719S; p.S768I p.G719S; p.S768I,EGFR G719X,p.G719S; p.S768I,TP53,0,0,0,0,1,0,0,Afatinib,0.4712,0.7449,0.0,0.9519,HIGH_TRUST_PUBLIC_VALIDATION_SUPPORTED_AFTER_15B,1.0,0.0,0.37,0.37,0.0,Stabilization proxy,0.875,0.6682,0.38,,,False,False,False,False,False,False,NO_REAL_OUTCOME_LABEL_YET,do_not_train_response_model_yet,EGFR_Global_TrustedEvidenceFusion_v1_15B_civic_label_citation_repair
CPTAC__luad_cptac_2020__C3N-00550,CPTAC__luad_cptac_2020__C3N-00550,CPTAC,luad_cptac_2020,C3N-00550,52.0,52 years,Female,2B,Lung adenocarcinoma / NSCLC context,Other EGFR alteration Other EGFR alteration p.H358R p.H358R,Other EGFR alteration,p.H358R,TP53,0,0,0,0,1,0,0,Platinum-based Chemotherapy,0.2522,0.3845,0.0243,0.6425,PARTIAL_PUBLIC_VALIDATION_SUPPORTED_AFTER_15B,0.8,0.0104,0.3,0.3,0.0519,Progression proxy,1.3099,0.9348,0.4106,,,False,False,False,False,False,False,NO_REAL_OUTCOME_LABEL_YET,do_not_train_response_model_yet,EGFR_Global_TrustedEvidenceFusion_v1_15B_civic_label_citation_repair
CPTAC__luad_cptac_2020__C3N-00559,CPTAC__luad_cptac_2020__C3N-00559,CPTAC,luad_cptac_2020,C3N-00559,55.0,55 years,Female,1A,Lung adenocarcinoma / NSCLC context,EGFR exon 19 deletion EGFR exon 19 deletion p.E746_A750del p.E746_A750del,EGFR exon 19 deletion,p.E746_A750del,TP53,0,0,0,0,1,0,0,Osimertinib,0.5641,0.9109,0.0,1.0,HIGH_TRUST_PUBLIC_VALIDATION_SUPPORTED_AFTER_15B,0.95,0.0,0.3525,0.3525,0.0,Partial response proxy,0.6988,0.5275,0.38,,,False,False,False,False,False,False,NO_REAL_OUTCOME_LABEL_YET,do_not_train_response_model_yet,EGFR_Global_TrustedEvidenceFusion_v1_15B_civic_label_citation_repair
CPTAC__luad_cptac_2020__C3N-00574,CPTAC__luad_cptac_2020__C3N-00574,CPTAC,luad_cptac_2020,C3N-00574,40.0,40 years,Male,1B,Lung adenocarcinoma / NSCLC context,EGFR exon 19 deletion EGFR exon 19 deletion p.A750E; p.E746_A750del p.A750E; p.E746_A750del,EGFR exon 19 deletion,p.A750E; p.E746_A750del,TP53,0,0,0,0,1,0,0,Osimertinib,0.5639,0.9106,0.0,1.0,HIGH_TRUST_PUBLIC_VALIDATION_SUPPORTED_AFTER_15B,0.95,0.0,0.3525,0.3525,0.0,Partial response proxy,0.6996,0.528,0.38,,,False,False,False,False,False,False,NO_REAL_OUTCOME_LABEL_YET,do_not_train_response_model_yet,EGFR_Global_TrustedEvidenceFusion_v1_15B_civic_label_citation_repair
CPTAC__luad_cptac_2020__C3N-00579,CPTAC__luad_cptac_2020__C3N-00579,CPTAC,luad_cptac_2020,C3N-00579,67.0,67 years,Male,Unknown,Lung adenocarcinoma / NSCLC context,EGFR L858R EGFR L858R p.L858R p.L858R,EGFR L858R,p.L858R,TP53,0,0,0,0,1,0,0,Osimertinib,0.5638,0.9103,0.0,1.0,HIGH_TRUST_PUBLIC_VALIDATION_SUPPORTED_AFTER_15B,0.95,0.0,0.3525,0.3525,0.0,Stabilization proxy,0.7005,0.5285,0.38,,,False,False,False,False,False,False,NO_REAL_OUTCOME_LABEL_YET,do_not_train_response_model_yet,EGFR_Global_TrustedEvidenceFusion_v1_15B_civic_label_citation_repair
CPTAC__luad_cptac_2020__C3N-01021,CPTAC__luad_cptac_2020__C3N-01021,CPTAC,luad_cptac_2020,C3N-01021,44.0,44 years,Female,3A,Lung adenocarcinoma / NSCLC context,EGFR G719X; EGFR L861Q EGFR G719X; EGFR L861Q p.G719A; p.L861Q p.G719A; p.L861Q,EGFR G719X,p.G719A; p.L861Q,,0,0,0,0,0,0,0,Afatinib,0.5043,0.8123,0.0,0.9519,HIGH_TRUST_PUBLIC_VALIDATION_SUPPORTED_AFTER_15B,1.0,0.0,0.35,0.35,0.0,Partial response proxy,0.6693,0.5689,0.38,,,False,False,False,False,False,False,NO_REAL_OUTCOME_LABEL_YET,do_not_train_response_model_yet,EGFR_Global_TrustedEvidenceFusion_v1_15B_civic_label_citation_repair
CPTAC__luad_cptac_2020__C3N-01024,CPTAC__luad_cptac_2020__C3N-01024,CPTAC,luad_cptac_2020,C3N-01024,66.0,66 years,Female,Unknown,Lung adenocarcinoma / NSCLC context,EGFR exon 19 deletion EGFR exon 19 deletion p.E746_A750del p.E746_A750del,EGFR exon 19 deletion,p.E746_A750del,TP53,0,0,0,0,1,0,0,Osimertinib,0.5639,0.9105,0.0,1.0,HIGH_TRUST_PUBLIC_VALIDATION_SUPPORTED_AFTER_15B,0.95,0.0,0.3525,0.3525,0.0,Partial response proxy,0.6998,0.5281,0.38,,,False,False,False,False,False,False,NO_REAL_OUTCOME_LABEL_YET,do_not_train_response_model_yet,EGFR_Global_TrustedEvidenceFusion_v1_15B_civic_label_citation_repair
CPTAC__luad_cptac_2020__C3N-01413,CPTAC__luad_cptac_2020__C3N-01413,CPTAC,luad_cptac_2020,C3N-01413,62.0,62 years,Female,1B,Lung adenocarcinoma / NSCLC context,EGFR exon 19 deletion EGFR exon 19 deletion p.E746_A750del p.E746_A750del,EGFR exon 19 deletion,p.E746_A750del,TP53,0,0,0,0,1,0,0,Osimertinib,0.5642,0.9113,0.0,1.0,HIGH_TRUST_PUBLIC_VALIDATION_SUPPORTED_AFTER_15B,0.95,0.0,0.3525,0.3525,0.0,Partial response proxy,0.6976,0.5269,0.38,,,False,False,False,False,False,False,NO_REAL_OUTCOME_LABEL_YET,do_not_train_response_model_yet,EGFR_Global_TrustedEvidenceFusion_v1_15B_civic_label_citation_repair
CPTAC__luad_cptac_2020__C3N-01415,CPTAC__luad_cptac_2020__C3N-01415,CPTAC,luad_cptac_2020,C3N-01415,72.0,72 years,Male,1B,Lung adenocarcinoma / NSCLC context,Other EGFR alteration Other EGFR alteration p.F1151F p.F1151F,Other EGFR alteration,p.F1151F,TP53,0,0,0,0,1,0,0,Platinum-based Chemotherapy,0.2495,0.3818,0.031,0.6425,PARTIAL_PUBLIC_VALIDATION_SUPPORTED_AFTER_15B,0.8,0.012,0.3,0.3,0.0602,Progression proxy,1.3351,0.9411,0.4155,,,False,False,False,False,False,False,NO_REAL_OUTCOME_LABEL_YET,do_not_train_response_model_yet,EGFR_Global_TrustedEvidenceFusion_v1_15B_civic_label_citation_repair
CPTAC__luad_cptac_2020__C3N-01416,CPTAC__luad_cptac_2020__C3N-01416,CPTAC,luad_cptac_2020,C3N-01416,67.0,67 years,Female,Unknown,Lung adenocarcinoma / NSCLC context,EGFR exon 19 deletion EGFR exon 19 deletion p.E746_A750del p.E746_A750del,EGFR exon 19 deletion,p.E746_A750del,,0,0,0,0,0,0,0,Osimertinib,0.5951,0.9878,0.0,1.0,HIGH_TRUST_PUBLIC_VALIDATION_SUPPORTED_AFTER_15B,0.95,0.0,0.3325,0.3325,0.0,Partial response proxy,0.5296,0.4206,0.38,,,False,False,False,False,False,False,NO_REAL_OUTCOME_LABEL_YET,do_not_train_response_model_yet,EGFR_Global_TrustedEvidenceFusion_v1_15B_civic_label_citation_repair
CPTAC__luad_cptac_2020__C3N-01799,CPTAC__luad_cptac_2020__C3N-01799,CPTAC,luad_cptac_2020,C3N-01799,81.0,81 years,Male,2A,Lung adenocarcinoma / NSCLC context,EGFR L858R EGFR L858R p.L858R p.L858R,EGFR L858R,p.L858R,,0,0,0,0,0,0,0,Osimertinib,0.5957,0.9892,0.0,1.0,HIGH_TRUST_PUBLIC_VALIDATION_SUPPORTED_AFTER_15B,0.95,0.0,0.3325,0.3325,0.0,Partial response proxy,0.5267,0.4185,0.38,,,False,False,False,False,False,False,NO_REAL_OUTCOME_LABEL_YET,do_not_train_response_model_yet,EGFR_Global_TrustedEvidenceFusion_v1_15B_civic_label_citation_repair
CPTAC__luad_cptac_2020__C3N-02002,CPTAC__luad_cptac_2020__C3N-02002,CPTAC,luad_cptac_2020,C3N-02002,76.0,76 years,Male,Unknown,Lung adenocarcinoma / NSCLC context,EGFR L858R EGFR L858R p.L858R p.L858R,EGFR L858R,p.L858R,,0,0,0,0,0,0,0,Osimertinib,0.5959,0.9897,0.0,1.0,HIGH_TRUST_PUBLIC_VALIDATION_SUPPORTED_AFTER_15B,0.95,0.0,0.3325,0.3325,0.0,Partial response proxy,0.5257,0.4178,0.38,,,False,False,False,False,False,False,NO_REAL_OUTCOME_LABEL_YET,do_not_train_response_model_yet,EGFR_Global_TrustedEvidenceFusion_v1_15B_civic_label_citation_repair
CPTAC__luad_cptac_2020__C3N-02067,CPTAC__luad_cptac_2020__C3N-02067,CPTAC,luad_cptac_2020,C3N-02067,37.0,37 years,Female,Unknown,Lung adenocarcinoma / NSCLC context,EGFR exon 19 deletion; Other EGFR alteration EGFR exon 19 deletion; Other EGFR alteration p.L747_A750del; p.T751P p.L747_A750del; p.T751P,EGFR exon 19 deletion,p.L747_A750del; p.T751P,TP53,0,0,0,0,1,0,0,Osimertinib,0.5645,0.9121,0.0,1.0,HIGH_TRUST_PUBLIC_VALIDATION_SUPPORTED_AFTER_15B,0.95,0.0,0.3525,0.3525,0.0,Partial response proxy,0.6955,0.5258,0.38,,,False,False,False,False,False,False,NO_REAL_OUTCOME_LABEL_YET,do_not_train_response_model_yet,EGFR_Global_TrustedEvidenceFusion_v1_15B_civic_label_citation_repair
CPTAC__luad_cptac_2020__C3N-02087,CPTAC__luad_cptac_2020__C3N-02087,CPTAC,luad_cptac_2020,C3N-02087,61.0,61 years,Female,Unknown,Lung adenocarcinoma / NSCLC context,EGFR exon 20 insertion; Other EGFR alteration EGFR exon 20 insertion; Other EGFR alteration p.E746_S752delinsA; p.S752F p.E746_S752delinsA; p.S752F,EGFR exon 20 insertion,p.E746_S752delinsA; p.S752F,TP53,0,0,0,0,1,0,0,Amivantamab,0.4963,0.8203,0.0,1.0,HIGH_TRUST_PUBLIC_VALIDATION_SUPPORTED_AFTER_15B,1.0,0.0,0.39,0.39,0.0,Stabilization proxy,0.7697,0.5892,0.38,,,False,False,False,False,False,False,NO_REAL_OUTCOME_LABEL_YET,do_not_train_response_model_yet,EGFR_Global_TrustedEvidenceFusion_v1_15B_civic_label_citation_repair
CPTAC__luad_cptac_2020__C3N-02145,CPTAC__luad_cptac_2020__C3N-02145,CPTAC,luad_cptac_2020,C3N-02145,68.0,68 years,Female,Unknown,Lung adenocarcinoma / NSCLC context,EGFR exon 19 deletion EGFR exon 19 deletion p.E746_A750del p.E746_A750del,EGFR exon 19 deletion,p.E746_A750del,,0,0,0,0,0,0,0,Osimertinib,0.5962,0.9905,0.0,1.0,HIGH_TRUST_PUBLIC_VALIDATION_SUPPORTED_AFTER_15B,0.95,0.0,0.3325,0.3325,0.0,Partial response proxy,0.5239,0.4166,0.38,,,False,False,False,False,False,False,NO_REAL_OUTCOME_LABEL_YET,do_not_train_response_model_yet,EGFR_Global_TrustedEvidenceFusion_v1_15B_civic_label_citation_repair
CPTAC__luad_cptac_2020__C3N-02155,CPTAC__luad_cptac_2020__C3N-02155,CPTAC,luad_cptac_2020,C3N-02155,45.0,45 years,Male,2B,Lung adenocarcinoma / NSCLC context,EGFR L858R EGFR L858R p.L858R p.L858R,EGFR L858R,p.L858R,,0,0,0,0,0,0,0,Osimertinib,0.5945,0.9863,0.0,1.0,HIGH_TRUST_PUBLIC_VALIDATION_SUPPORTED_AFTER_15B,0.95,0.0,0.3325,0.3325,0.0,Partial response proxy,0.5326,0.4228,0.38,,,False,False,False,False,False,False,NO_REAL_OUTCOME_LABEL_YET,do_not_train_response_model_yet,EGFR_Global_TrustedEvidenceFusion_v1_15B_civic_label_citation_repair
CPTAC__luad_cptac_2020__C3N-02158,CPTAC__luad_cptac_2020__C3N-02158,CPTAC,luad_cptac_2020,C3N-02158,54.0,54 years,Female,Unknown,Lung adenocarcinoma / NSCLC context,EGFR exon 19 deletion EGFR exon 19 deletion p.E746_A750del p.E746_A750del,EGFR exon 19 deletion,p.E746_A750del,,0,0,0,0,0,0,0,Osimertinib,0.5958,0.9896,0.0,1.0,HIGH_TRUST_PUBLIC_VALIDATION_SUPPORTED_AFTER_15B,0.95,0.0,0.3325,0.3325,0.0,Partial response proxy,0.5258,0.4179,0.38,,,False,False,False,False,False,False,NO_REAL_OUTCOME_LABEL_YET,do_not_train_response_model_yet,EGFR_Global_TrustedEvidenceFusion_v1_15B_civic_label_citation_repair
CPTAC__luad_cptac_2020__C3N-02379,CPTAC__luad_cptac_2020__C3N-02379,CPTAC,luad_cptac_2020,C3N-02379,57.0,57 years,Female,Unknown,Lung adenocarcinoma / NSCLC context,EGFR L858R EGFR L858R p.L858R p.L858R,EGFR L858R,p.L858R,TP53,0,0,0,0,1,0,0,Osimertinib,0.5639,0.9106,0.0,1.0,HIGH_TRUST_PUBLIC_VALIDATION_SUPPORTED_AFTER_15B,0.95,0.0,0.3525,0.3525,0.0,Partial response proxy,0.6998,0.5281,0.38,,,False,False,False,False,False,False,NO_REAL_OUTCOME_LABEL_YET,do_not_train_response_model_yet,EGFR_Global_TrustedEvidenceFusion_v1_15B_civic_label_citation_repair
CPTAC__luad_cptac_2020__C3N-02380,CPTAC__luad_cptac_2020__C3N-02380,CPTAC,luad_cptac_2020,C3N-02380,56.0,56 years,Male,Unknown,Lung adenocarcinoma / NSCLC context,EGFR exon 19 deletion EGFR exon 19 deletion p.E746_A750del p.E746_A750del,EGFR exon 19 deletion,p.E746_A750del,,0,0,0,0,0,0,0,Osimertinib,0.5959,0.9898,0.0,1.0,HIGH_TRUST_PUBLIC_VALIDATION_SUPPORTED_AFTER_15B,0.95,0.0,0.3325,0.3325,0.0,Partial response proxy,0.5253,0.4176,0.38,,,False,False,False,False,False,False,NO_REAL_OUTCOME_LABEL_YET,do_not_train_response_model_yet,EGFR_Global_TrustedEvidenceFusion_v1_15B_civic_label_citation_repair
CPTAC__luad_cptac_2020__C3N-02421,CPTAC__luad_cptac_2020__C3N-02421,CPTAC,luad_cptac_2020,C3N-02421,58.0,58 years,Male,Unknown,Lung adenocarcinoma / NSCLC context,EGFR exon 20 insertion; Other EGFR alteration EGFR exon 20 insertion; Other EGFR alteration p.E746_S752delinsA; p.S752F p.E746_S752delinsA; p.S752F,EGFR exon 20 insertion,p.E746_S752delinsA; p.S752F,,0,0,0,0,0,0,0,Amivantamab,0.5263,0.8872,0.0,1.0,HIGH_TRUST_PUBLIC_VALIDATION_SUPPORTED_AFTER_15B,1.0,0.0,0.37,0.37,0.0,Partial response proxy,0.5893,0.489,0.38,,,False,False,False,False,False,False,NO_REAL_OUTCOME_LABEL_YET,do_not_train_response_model_yet,EGFR_Global_TrustedEvidenceFusion_v1_15B_civic_label_citation_repair
CPTAC__luad_cptac_2020__C3N-02424,CPTAC__luad_cptac_2020__C3N-02424,CPTAC,luad_cptac_2020,C3N-02424,64.0,64 years,Male,Unknown,Lung adenocarcinoma / NSCLC context,EGFR L858R EGFR L858R p.L858R p.L858R,EGFR L858R,p.L858R,TP53,0,0,0,0,1,0,0,Osimertinib,0.5639,0.9106,0.0,1.0,HIGH_TRUST_PUBLIC_VALIDATION_SUPPORTED_AFTER_15B,0.95,0.0,0.3525,0.3525,0.0,Partial response proxy,0.6998,0.5281,0.38,,,False,False,False,False,False,False,NO_REAL_OUTCOME_LABEL_YET,do_not_train_response_model_yet,EGFR_Global_TrustedEvidenceFusion_v1_15B_civic_label_citation_repair
CPTAC__luad_cptac_2020__C3N-02433,CPTAC__luad_cptac_2020__C3N-02433,CPTAC,luad_cptac_2020,C3N-02433,68.0,68 years,Female,Unknown,Lung adenocarcinoma / NSCLC context,EGFR L858R EGFR L858R p.L858R p.L858R,EGFR L858R,p.L858R,,0,0,0,0,0,0,0,Osimertinib,0.5956,0.9891,0.0,1.0,HIGH_TRUST_PUBLIC_VALIDATION_SUPPORTED_AFTER_15B,0.95,0.0,0.3325,0.3325,0.0,Partial response proxy,0.5268,0.4186,0.38,,,False,False,False,False,False,False,NO_REAL_OUTCOME_LABEL_YET,do_not_train_response_model_yet,EGFR_Global_TrustedEvidenceFusion_v1_15B_civic_label_citation_repair
CPTAC__luad_cptac_2020__C3N-02529,CPTAC__luad_cptac_2020__C3N-02529,CPTAC,luad_cptac_2020,C3N-02529,79.0,79 years,Female,Unknown,Lung adenocarcinoma / NSCLC context,EGFR L858R EGFR L858R p.L858R p.L858R,EGFR L858R,p.L858R,TP53,0,0,0,0,1,0,0,Osimertinib,0.5633,0.9089,0.0,1.0,HIGH_TRUST_PUBLIC_VALIDATION_SUPPORTED_AFTER_15B,0.95,0.0,0.3525,0.3525,0.0,Stabilization proxy,0.7042,0.5305,0.38,,,False,False,False,False,False,False,NO_REAL_OUTCOME_LABEL_YET,do_not_train_response_model_yet,EGFR_Global_TrustedEvidenceFusion_v1_15B_civic_label_citation_repair
CPTAC__luad_cptac_2020__C3N-02572,CPTAC__luad_cptac_2020__C3N-02572,CPTAC,luad_cptac_2020,C3N-02572,49.0,49 years,Male,Unknown,Lung adenocarcinoma / NSCLC context,EGFR L858R EGFR L858R p.L858R p.L858R,EGFR L858R,p.L858R,TP53,0,0,0,0,1,0,0,Osimertinib,0.5642,0.9113,0.0,1.0,HIGH_TRUST_PUBLIC_VALIDATION_SUPPORTED_AFTER_15B,0.95,0.0,0.3525,0.3525,0.0,Partial response proxy,0.6977,0.527,0.38,,,False,False,False,False,False,False,NO_REAL_OUTCOME_LABEL_YET,do_not_train_response_model_yet,EGFR_Global_TrustedEvidenceFusion_v1_15B_civic_label_citation_repair
CPTAC__luad_cptac_2020__C3N-02582,CPTAC__luad_cptac_2020__C3N-02582,CPTAC,luad_cptac_2020,C3N-02582,77.0,77 years,Male,Unknown,Lung adenocarcinoma / NSCLC context,EGFR exon 19 deletion EGFR exon 19 deletion p.E746_A750del p.E746_A750del,EGFR exon 19 deletion,p.E746_A750del,BRAF;TP53,0,0,0,1,1,0,0,Osimertinib,0.522,0.8143,0.35,1.0,HIGH_TRUST_PUBLIC_VALIDATION_SUPPORTED_AFTER_15B,0.95,0.0,0.3525,0.65,0.35,Stabilization proxy,0.7372,0.5597,0.38,,,False,False,False,False,False,False,NO_REAL_OUTCOME_LABEL_YET,do_not_train_response_model_yet,EGFR_Global_TrustedEvidenceFusion_v1_15B_civic_label_citation_repair
CPTAC__luad_cptac_2020__C3N-02729,CPTAC__luad_cptac_2020__C3N-02729,CPTAC,luad_cptac_2020,C3N-02729,45.0,45 years,Male,Unknown,Lung adenocarcinoma / NSCLC context,EGFR L858R EGFR L858R p.L858R p.L858R,EGFR L858R,p.L858R,,0,0,0,0,0,0,0,Osimertinib,0.5962,0.9904,0.0,1.0,HIGH_TRUST_PUBLIC_VALIDATION_SUPPORTED_AFTER_15B,0.95,0.0,0.3325,0.3325,0.0,Partial response proxy,0.5241,0.4167,0.38,,,False,False,False,False,False,False,NO_REAL_OUTCOME_LABEL_YET,do_not_train_response_model_yet,EGFR_Global_TrustedEvidenceFusion_v1_15B_civic_label_citation_repair
CPTAC__luad_cptac_2020__X11LU013,CPTAC__luad_cptac_2020__X11LU013,CPTAC,luad_cptac_2020,X11LU013,59.0,59 years,Male,3A,Lung adenocarcinoma / NSCLC context,EGFR exon 20 insertion; Other EGFR alteration EGFR exon 20 insertion; Other EGFR alteration p.E746_S752delinsA; p.S752F p.E746_S752delinsA; p.S752F,EGFR exon 20 insertion,p.E746_S752delinsA; p.S752F,TP53,0,0,0,0,1,0,0,Amivantamab,0.496,0.8196,0.0,1.0,HIGH_TRUST_PUBLIC_VALIDATION_SUPPORTED_AFTER_15B,1.0,0.0,0.39,0.39,0.0,Stabilization proxy,0.7718,0.5902,0.38,,,False,False,False,False,False,False,NO_REAL_OUTCOME_LABEL_YET,do_not_train_response_model_yet,EGFR_Global_TrustedEvidenceFusion_v1_15B_civic_label_citation_repair
CPTAC__luad_cptac_2020__X11LU016,CPTAC__luad_cptac_2020__X11LU016,CPTAC,luad_cptac_2020,X11LU016,62.0,62 years,Male,3A,Lung adenocarcinoma / NSCLC context,EGFR G719X; EGFR S768I EGFR G719X; EGFR S768I p.G719C; p.S768I p.G719C; p.S768I,EGFR G719X,p.G719C; p.S768I,PIK3CA;TP53,0,0,1,0,1,0,0,Afatinib,0.3887,0.6643,0.35,0.9519,HIGH_TRUST_PUBLIC_VALIDATION_SUPPORTED_AFTER_15B,1.0,0.1008,0.65,0.4,0.5042,Stabilization proxy,1.0092,0.7571,0.6775,,,False,False,False,False,False,False,NO_REAL_OUTCOME_LABEL_YET,do_not_train_response_model_yet,EGFR_Global_TrustedEvidenceFusion_v1_15B_civic_label_citation_repair
TCGA__luad_tcga__TCGA-05-4382,TCGA__luad_tcga__TCGA-05-4382,TCGA,luad_tcga,TCGA-05-4382,68.0,68 years,Male,Stage I,Lung adenocarcinoma / NSCLC context,Other EGFR alteration Other EGFR alteration p.E545Q; p.R222L p.E545Q; p.R222L,Other EGFR alteration,p.E545Q; p.R222L,BRAF;TP53,0,0,0,1,1,0,0,Platinum-based Chemotherapy,0.2484,0.3805,0.35,0.6425,PARTIAL_PUBLIC_VALIDATION_SUPPORTED_AFTER_15B,0.8,0.0128,0.3,0.65,0.35,Progression proxy,1.2328,0.9214,0.4176,Living,19.94,True,True,False,False,False,True,REAL_SURVIVAL_PARTIAL,survival_label_candidate_review_needed,EGFR_Global_TrustedEvidenceFusion_v1_15B_civic_label_citation_repair
TCGA__luad_tcga__TCGA-05-4402,TCGA__luad_tcga__TCGA-05-4402,TCGA,luad_tcga,TCGA-05-4402,57.0,57 years,Female,Stage IV,Lung adenocarcinoma / NSCLC context,EGFR exon 19 deletion EGFR exon 19 deletion p.T751_E758del p.T751_E758del,EGFR exon 19 deletion,p.T751_E758del,TP53,0,0,0,0,1,0,0,Osimertinib,0.5628,0.9077,0.0,1.0,HIGH_TRUST_PUBLIC_VALIDATION_SUPPORTED_AFTER_15B,0.95,0.0,0.3525,0.3525,0.0,Stabilization proxy,0.7902,0.5593,0.38,Deceased,8.02,True,True,False,False,False,True,REAL_SURVIVAL_PARTIAL,survival_label_candidate_review_needed,EGFR_Global_TrustedEvidenceFusion_v1_15B_civic_label_citation_repair
TCGA__luad_tcga__TCGA-05-4410,TCGA__luad_tcga__TCGA-05-4410,TCGA,luad_tcga,TCGA-05-4410,62.0,62 years,Male,Stage I,Lung adenocarcinoma / NSCLC context,Other EGFR alteration Other EGFR alteration p.R377S p.R377S,Other EGFR alteration,p.R377S,BRAF;TP53,0,0,0,1,1,0,0,Platinum-based Chemotherapy,0.2486,0.3808,0.35,0.6425,PARTIAL_PUBLIC_VALIDATION_SUPPORTED_AFTER_15B,0.8,0.0126,0.3,0.65,0.35,Progression proxy,1.2303,0.9207,0.4171,Living,0.0,True,True,False,False,False,True,REAL_SURVIVAL_PARTIAL,survival_label_candidate_review_needed,EGFR_Global_TrustedEvidenceFusion_v1_15B_civic_label_citation_repair
TCGA__luad_tcga__TCGA-05-5423,TCGA__luad_tcga__TCGA-05-5423,TCGA,luad_tcga,TCGA-05-5423,65.0,65 years,Male,Stage II,Lung adenocarcinoma / NSCLC context,EGFR L861Q; Other EGFR alteration EGFR L861Q; Other EGFR alteration p.L833F; p.L861Q p.L833F; p.L861Q,EGFR L861Q,p.L833F; p.L861Q,TP53,0,0,0,0,1,0,0,Afatinib,0.471,0.7445,0.0,0.9519,HIGH_TRUST_PUBLIC_VALIDATION_SUPPORTED_AFTER_15B,0.9,0.0,0.335,0.335,0.0,Stabilization proxy,0.8605,0.6642,0.38,Living,4.96,True,True,False,False,False,True,REAL_SURVIVAL_PARTIAL,survival_label_candidate_review_needed,EGFR_Global_TrustedEvidenceFusion_v1_15B_civic_label_citation_repair
TCGA__luad_tcga__TCGA-38-4627,TCGA__luad_tcga__TCGA-38-4627,TCGA,luad_tcga,TCGA-38-4627,64.0,64 years,Female,Stage II,Lung adenocarcinoma / NSCLC context,EGFR L858R; Other EGFR alteration EGFR L858R; Other EGFR alteration p.L62R; p.L858R p.L62R; p.L858R,EGFR L858R,p.L62R; p.L858R,,0,0,0,0,0,0,0,Osimertinib,0.596,0.99,0.0,1.0,HIGH_TRUST_PUBLIC_VALIDATION_SUPPORTED_AFTER_15B,0.95,0.0,0.3325,0.3325,0.0,Partial response proxy,0.5151,0.4128,0.38,Deceased,37.68,True,True,False,False,False,True,REAL_SURVIVAL_PARTIAL,survival_label_candidate_review_needed,EGFR_Global_TrustedEvidenceFusion_v1_15B_civic_label_citation_repair
TCGA__luad_tcga__TCGA-38-4628,TCGA__luad_tcga__TCGA-38-4628,TCGA,luad_tcga,TCGA-38-4628,65.0,65 years,Female,Stage II,Lung adenocarcinoma / NSCLC context,EGFR exon 19 deletion EGFR exon 19 deletion p.E746_A750del p.E746_A750del,EGFR exon 19 deletion,p.E746_A750del,,0,0,0,0,0,0,0,Osimertinib,0.5945,0.9863,0.0,1.0,HIGH_TRUST_PUBLIC_VALIDATION_SUPPORTED_AFTER_15B,0.95,0.0,0.3325,0.3325,0.0,Partial response proxy,0.5226,0.4183,0.38,Deceased,49.01,True,True,False,False,False,True,REAL_SURVIVAL_PARTIAL,survival_label_candidate_review_needed,EGFR_Global_TrustedEvidenceFusion_v1_15B_civic_label_citation_repair
TCGA__luad_tcga__TCGA-38-6178,TCGA__luad_tcga__TCGA-38-6178,TCGA,luad_tcga,TCGA-38-6178,70.0,70 years,Female,Stage III,Lung adenocarcinoma / NSCLC context,EGFR exon 19 deletion EGFR exon 19 deletion p.E746_A750del p.E746_A750del,EGFR exon 19 deletion,p.E746_A750del,TP53,0,0,0,0,1,0,0,Osimertinib,0.5636,0.9096,0.0,1.0,HIGH_TRUST_PUBLIC_VALIDATION_SUPPORTED_AFTER_15B,0.95,0.0,0.3525,0.3525,0.0,Stabilization proxy,0.7423,0.5429,0.38,Living,14.72,True,True,False,False,False,True,REAL_SURVIVAL_PARTIAL,survival_label_candidate_review_needed,EGFR_Global_TrustedEvidenceFusion_v1_15B_civic_label_citation_repair
TCGA__luad_tcga__TCGA-44-2661,TCGA__luad_tcga__TCGA-44-2661,TCGA,luad_tcga,TCGA-44-2661,69.0,69 years,Female,Stage I,Lung adenocarcinoma / NSCLC context,EGFR exon 19 deletion EGFR exon 19 deletion p.E746_A750del p.E746_A750del,EGFR exon 19 deletion,p.E746_A750del,,0,0,0,0,0,0,0,Osimertinib,0.5954,0.9886,0.0,1.0,HIGH_TRUST_PUBLIC_VALIDATION_SUPPORTED_AFTER_15B,0.95,0.0,0.3325,0.3325,0.0,Partial response proxy,0.4798,0.3969,0.38,Living,38.07,True,True,False,False,False,True,REAL_SURVIVAL_PARTIAL,survival_label_candidate_review_needed,EGFR_Global_TrustedEvidenceFusion_v1_15B_civic_label_citation_repair
TCGA__luad_tcga__TCGA-44-6147,TCGA__luad_tcga__TCGA-44-6147,TCGA,luad_tcga,TCGA-44-6147,67.0,67 years,Female,Stage I,Lung adenocarcinoma / NSCLC context,EGFR S768I; Other EGFR alteration EGFR S768I; Other EGFR alteration p.S768I; p.V769L p.S768I; p.V769L,EGFR S768I,p.S768I; p.V769L,TP53,0,0,0,0,1,0,0,Afatinib,0.4706,0.7438,0.0,0.9519,HIGH_TRUST_PUBLIC_VALIDATION_SUPPORTED_AFTER_15B,0.9,0.0,0.335,0.335,0.0,Stabilization proxy,0.8024,0.6474,0.38,Living,27.76,True,True,False,False,False,True,REAL_SURVIVAL_PARTIAL,survival_label_candidate_review_needed,EGFR_Global_TrustedEvidenceFusion_v1_15B_civic_label_citation_repair
TCGA__luad_tcga__TCGA-49-4490,TCGA__luad_tcga__TCGA-49-4490,TCGA,luad_tcga,TCGA-49-4490,45.0,45 years,Female,Stage III,Lung adenocarcinoma / NSCLC context,EGFR L858R EGFR L858R p.L858R p.L858R,EGFR L858R,p.L858R,TP53,0,0,0,0,1,0,0,Osimertinib,0.5636,0.9097,0.0,1.0,HIGH_TRUST_PUBLIC_VALIDATION_SUPPORTED_AFTER_15B,0.95,0.0,0.3525,0.3525,0.0,Stabilization proxy,0.742,0.5428,0.38,Deceased,12.65,True,True,False,False,False,True,REAL_SURVIVAL_PARTIAL,survival_label_candidate_review_needed,EGFR_Global_TrustedEvidenceFusion_v1_15B_civic_label_citation_repair
TCGA__luad_tcga__TCGA-49-4494,TCGA__luad_tcga__TCGA-49-4494,TCGA,luad_tcga,TCGA-49-4494,77.0,77 years,Male,Stage III,Lung adenocarcinoma / NSCLC context,EGFR L858R; EGFR T790M EGFR L858R; EGFR T790M p.L858R; p.T790M p.L858R; p.T790M,EGFR T790M,p.L858R; p.T790M,,0,0,0,0,0,0,0,Osimertinib,0.5834,0.9589,0.0,1.0,HIGH_TRUST_PUBLIC_VALIDATION_SUPPORTED_AFTER_15B,1.0,0.0,0.41,0.41,0.0,Partial response proxy,0.5828,0.456,0.38,Deceased,35.51,True,True,False,False,False,True,REAL_SURVIVAL_PARTIAL,survival_label_candidate_review_needed,EGFR_Global_TrustedEvidenceFusion_v1_15B_civic_label_citation_repair
TCGA__luad_tcga__TCGA-49-4501,TCGA__luad_tcga__TCGA-49-4501,TCGA,luad_tcga,TCGA-49-4501,67.0,67 years,Female,Stage I,Lung adenocarcinoma / NSCLC context,EGFR exon 19 deletion EGFR exon 19 deletion p.E746_A750del p.E746_A750del,EGFR exon 19 deletion,p.E746_A750del,,0,0,0,0,0,0,0,Osimertinib,0.595,0.9876,0.0,1.0,HIGH_TRUST_PUBLIC_VALIDATION_SUPPORTED_AFTER_15B,0.95,0.0,0.3325,0.3325,0.0,Partial response proxy,0.4818,0.3984,0.38,Deceased,46.68,True,True,False,False,False,True,REAL_SURVIVAL_PARTIAL,survival_label_candidate_review_needed,EGFR_Global_TrustedEvidenceFusion_v1_15B_civic_label_citation_repair
TCGA__luad_tcga__TCGA-50-5933,TCGA__luad_tcga__TCGA-50-5933,TCGA,luad_tcga,TCGA-50-5933,72.0,72 years,Male,Stage III,Lung adenocarcinoma / NSCLC context,Other EGFR alteration Other EGFR alteration p.P753= p.P753=,Other EGFR alteration,p.P753=,MET;KRAS;TP53,1,1,0,0,1,0,0,Platinum-based Chemotherapy,0.2413,0.3739,0.45,0.6425,PARTIAL_PUBLIC_VALIDATION_SUPPORTED_AFTER_15B,0.8,0.8,0.48,0.6825,0.45,Progression proxy,1.4273,0.9639,0.4727,Deceased,78.61,True,True,False,False,False,True,REAL_SURVIVAL_PARTIAL,survival_label_candidate_review_needed,EGFR_Global_TrustedEvidenceFusion_v1_15B_civic_label_citation_repair
TCGA__luad_tcga__TCGA-50-5944,TCGA__luad_tcga__TCGA-50-5944,TCGA,luad_tcga,TCGA-50-5944,69.0,69 years,Female,Stage I,Lung adenocarcinoma / NSCLC context,EGFR L858R EGFR L858R p.L858R p.L858R,EGFR L858R,p.L858R,TP53,0,0,0,0,1,0,0,Osimertinib,0.5636,0.9098,0.0,1.0,HIGH_TRUST_PUBLIC_VALIDATION_SUPPORTED_AFTER_15B,0.95,0.0,0.3525,0.3525,0.0,Partial response proxy,0.6394,0.5067,0.38,Living,57.49,True,True,False,False,False,True,REAL_SURVIVAL_PARTIAL,survival_label_candidate_review_needed,EGFR_Global_TrustedEvidenceFusion_v1_15B_civic_label_citation_repair
TCGA__luad_tcga__TCGA-50-6595,TCGA__luad_tcga__TCGA-50-6595,TCGA,luad_tcga,TCGA-50-6595,74.0,74 years,Female,Stage III,Lung adenocarcinoma / NSCLC context,EGFR G719X; EGFR S768I EGFR G719X; EGFR S768I p.G719A; p.S768I p.G719A; p.S768I,EGFR G719X,p.G719A; p.S768I,TP53,0,0,0,0,1,0,0,Afatinib,0.4713,0.7451,0.0,0.9519,HIGH_TRUST_PUBLIC_VALIDATION_SUPPORTED_AFTER_15B,1.0,0.0,0.37,0.37,0.0,Stabilization proxy,0.923,0.6813,0.38,Deceased,6.21,True,True,False,False,False,True,REAL_SURVIVAL_PARTIAL,survival_label_candidate_review_needed,EGFR_Global_TrustedEvidenceFusion_v1_15B_civic_label_citation_repair
TCGA__luad_tcga__TCGA-50-6673,TCGA__luad_tcga__TCGA-50-6673,TCGA,luad_tcga,TCGA-50-6673,84.0,84 years,Female,Stage I,Lung adenocarcinoma / NSCLC context,EGFR exon 20 insertion EGFR exon 20 insertion p.H773dup p.H773dup,EGFR exon 20 insertion,p.H773dup,TP53,0,0,0,0,1,0,0,Amivantamab,0.4959,0.8195,0.0,1.0,HIGH_TRUST_PUBLIC_VALIDATION_SUPPORTED_AFTER_15B,0.95,0.0,0.3725,0.3725,0.0,Stabilization proxy,0.7041,0.568,0.38,Deceased,0.72,True,True,False,False,False,True,REAL_SURVIVAL_PARTIAL,survival_label_candidate_review_needed,EGFR_Global_TrustedEvidenceFusion_v1_15B_civic_label_citation_repair
TCGA__luad_tcga__TCGA-55-6980,TCGA__luad_tcga__TCGA-55-6980,TCGA,luad_tcga,TCGA-55-6980,56.0,56 years,Male,Stage I,Lung adenocarcinoma / NSCLC context,EGFR exon 20 insertion EGFR exon 20 insertion p.E709_T710delinsD p.E709_T710delinsD,EGFR exon 20 insertion,p.E709_T710delinsD,,0,0,0,0,0,0,0,Amivantamab,0.5269,0.8886,0.0,1.0,HIGH_TRUST_PUBLIC_VALIDATION_SUPPORTED_AFTER_15B,1.0,0.0,0.37,0.37,0.0,Partial response proxy,0.5331,0.4644,0.38,Living,69.28,True,True,False,False,False,True,REAL_SURVIVAL_PARTIAL,survival_label_candidate_review_needed,EGFR_Global_TrustedEvidenceFusion_v1_15B_civic_label_citation_repair
TCGA__luad_tcga__TCGA-55-6981,TCGA__luad_tcga__TCGA-55-6981,TCGA,luad_tcga,TCGA-55-6981,53.0,53 years,Female,Stage III,Lung adenocarcinoma / NSCLC context,EGFR exon 19 deletion EGFR exon 19 deletion p.L747_T751del p.L747_T751del,EGFR exon 19 deletion,p.L747_T751del,,0,0,0,0,0,0,0,Osimertinib,0.5954,0.9885,0.0,1.0,HIGH_TRUST_PUBLIC_VALIDATION_SUPPORTED_AFTER_15B,0.95,0.0,0.3325,0.3325,0.0,Partial response proxy,0.559,0.4331,0.38,Deceased,45.3,True,True,False,False,False,True,REAL_SURVIVAL_PARTIAL,survival_label_candidate_review_needed,EGFR_Global_TrustedEvidenceFusion_v1_15B_civic_label_citation_repair
TCGA__luad_tcga__TCGA-55-7573,TCGA__luad_tcga__TCGA-55-7573,TCGA,luad_tcga,TCGA-55-7573,72.0,72 years,Female,Stage I,Lung adenocarcinoma / NSCLC context,EGFR exon 19 deletion; Other EGFR alteration EGFR exon 19 deletion; Other EGFR alteration p.K754E; p.L747_E749del p.K754E; p.L747_E749del,EGFR exon 19 deletion,p.K754E; p.L747_E749del,TP53,0,0,0,0,1,0,0,Osimertinib,0.5639,0.9106,0.0,1.0,HIGH_TRUST_PUBLIC_VALIDATION_SUPPORTED_AFTER_15B,0.95,0.0,0.3525,0.3525,0.0,Partial response proxy,0.6376,0.5056,0.38,Living,16.0,True,True,False,False,False,True,REAL_SURVIVAL_PARTIAL,survival_label_candidate_review_needed,EGFR_Global_TrustedEvidenceFusion_v1_15B_civic_label_citation_repair
TCGA__luad_tcga__TCGA-64-1681,TCGA__luad_tcga__TCGA-64-1681,TCGA,luad_tcga,TCGA-64-1681,61.0,61 years,Female,Stage I,Lung adenocarcinoma / NSCLC context,EGFR L858R EGFR L858R p.L858R p.L858R,EGFR L858R,p.L858R,TP53,0,0,0,0,1,0,0,Osimertinib,0.5635,0.9094,0.0,1.0,HIGH_TRUST_PUBLIC_VALIDATION_SUPPORTED_AFTER_15B,0.95,0.0,0.3525,0.3525,0.0,Partial response proxy,0.6405,0.5073,0.38,Deceased,38.34,True,True,False,False,False,True,REAL_SURVIVAL_PARTIAL,survival_label_candidate_review_needed,EGFR_Global_TrustedEvidenceFusion_v1_15B_civic_label_citation_repair
TCGA__luad_tcga__TCGA-67-3771,TCGA__luad_tcga__TCGA-67-3771,TCGA,luad_tcga,TCGA-67-3771,77.0,77 years,Female,Stage I,Lung adenocarcinoma / NSCLC context,Other EGFR alteration Other EGFR alteration p.I853= p.I853=,Other EGFR alteration,p.I853=,TP53;KEAP1,0,0,0,0,1,0,1,Platinum-based Chemotherapy,0.2287,0.36,0.083,0.6425,PARTIAL_PUBLIC_VALIDATION_SUPPORTED_AFTER_15B,0.8,0.0251,0.3,0.3,0.1253,Progression proxy,1.4207,0.9686,0.4539,Living,20.04,True,True,False,False,False,True,REAL_SURVIVAL_PARTIAL,survival_label_candidate_review_needed,EGFR_Global_TrustedEvidenceFusion_v1_15B_civic_label_citation_repair
TCGA__luad_tcga__TCGA-67-3772,TCGA__luad_tcga__TCGA-67-3772,TCGA,luad_tcga,TCGA-67-3772,82.0,82 years,Female,Stage I,Lung adenocarcinoma / NSCLC context,EGFR L858R EGFR L858R p.L858R p.L858R,EGFR L858R,p.L858R,,0,0,0,0,0,0,0,Osimertinib,0.595,0.9875,0.0,1.0,HIGH_TRUST_PUBLIC_VALIDATION_SUPPORTED_AFTER_15B,0.95,0.0,0.3325,0.3325,0.0,Partial response proxy,0.482,0.3985,0.38,Living,18.82,True,True,False,False,False,True,REAL_SURVIVAL_PARTIAL,survival_label_candidate_review_needed,EGFR_Global_TrustedEvidenceFusion_v1_15B_civic_label_citation_repair
TCGA__luad_tcga__TCGA-67-6217,TCGA__luad_tcga__TCGA-67-6217,TCGA,luad_tcga,TCGA-67-6217,73.0,73 years,Female,Stage II,Lung adenocarcinoma / NSCLC context,EGFR L858R EGFR L858R p.L858R p.L858R,EGFR L858R,p.L858R,,0,0,0,0,0,0,0,Osimertinib,0.5942,0.9855,0.0,1.0,HIGH_TRUST_PUBLIC_VALIDATION_SUPPORTED_AFTER_15B,0.95,0.0,0.3325,0.3325,0.0,Partial response proxy,0.5243,0.4194,0.38,Living,13.86,True,True,False,False,False,True,REAL_SURVIVAL_PARTIAL,survival_label_candidate_review_needed,EGFR_Global_TrustedEvidenceFusion_v1_15B_civic_label_citation_repair
TCGA__luad_tcga__TCGA-69-7760,TCGA__luad_tcga__TCGA-69-7760,TCGA,luad_tcga,TCGA-69-7760,73.0,73 years,Male,Stage II,Lung adenocarcinoma / NSCLC context,EGFR exon 20 insertion EGFR exon 20 insertion p.E709_T710delinsD p.E709_T710delinsD,EGFR exon 20 insertion,p.E709_T710delinsD,TP53,0,0,0,0,1,0,0,Amivantamab,0.4954,0.8183,0.0,1.0,HIGH_TRUST_PUBLIC_VALIDATION_SUPPORTED_AFTER_15B,1.0,0.0,0.39,0.39,0.0,Stabilization proxy,0.7619,0.5878,0.38,Living,6.64,True,True,False,False,False,True,REAL_SURVIVAL_PARTIAL,survival_label_candidate_review_needed,EGFR_Global_TrustedEvidenceFusion_v1_15B_civic_label_citation_repair
TCGA__luad_tcga__TCGA-69-7765,TCGA__luad_tcga__TCGA-69-7765,TCGA,luad_tcga,TCGA-69-7765,56.0,56 years,Male,Stage I,Lung adenocarcinoma / NSCLC context,Other EGFR alteration Other EGFR alteration p.Q486* p.Q486*,Other EGFR alteration,p.Q486*,BRAF;TP53,0,0,0,1,1,0,0,Platinum-based Chemotherapy,0.2493,0.3815,0.35,0.6425,PARTIAL_PUBLIC_VALIDATION_SUPPORTED_AFTER_15B,0.8,0.0122,0.3,0.65,0.35,Progression proxy,1.2247,0.9192,0.416,Living,5.42,True,True,False,False,False,True,REAL_SURVIVAL_PARTIAL,survival_label_candidate_review_needed,EGFR_Global_TrustedEvidenceFusion_v1_15B_civic_label_citation_repair
TCGA__luad_tcga__TCGA-75-6207,TCGA__luad_tcga__TCGA-75-6207,TCGA,luad_tcga,TCGA-75-6207,,Unknown,Male,Stage III,Lung adenocarcinoma / NSCLC context,EGFR exon 19 deletion EGFR exon 19 deletion p.E746_A750del p.E746_A750del,EGFR exon 19 deletion,p.E746_A750del,TP53,0,0,0,0,1,0,0,Osimertinib,0.5637,0.9099,0.0,1.0,HIGH_TRUST_PUBLIC_VALIDATION_SUPPORTED_AFTER_15B,0.95,0.0,0.3525,0.3525,0.0,Stabilization proxy,0.7416,0.5426,0.38,Deceased,,True,False,False,False,False,True,REAL_SURVIVAL_PARTIAL,survival_label_candidate_review_needed,EGFR_Global_TrustedEvidenceFusion_v1_15B_civic_label_citation_repair
TCGA__luad_tcga__TCGA-75-6212,TCGA__luad_tcga__TCGA-75-6212,TCGA,luad_tcga,TCGA-75-6212,,Unknown,Female,Stage II,Lung adenocarcinoma / NSCLC context,EGFR exon 19 deletion EGFR exon 19 deletion p.L747_E749del p.L747_E749del,EGFR exon 19 deletion,p.L747_E749del,,0,0,0,0,0,0,0,Osimertinib,0.5963,0.9907,0.0,1.0,HIGH_TRUST_PUBLIC_VALIDATION_SUPPORTED_AFTER_15B,0.95,0.0,0.3325,0.3325,0.0,Partial response proxy,0.5137,0.4119,0.38,Deceased,49.8,True,True,False,False,False,True,REAL_SURVIVAL_PARTIAL,survival_label_candidate_review_needed,EGFR_Global_TrustedEvidenceFusion_v1_15B_civic_label_citation_repair
TCGA__luad_tcga__TCGA-75-7025,TCGA__luad_tcga__TCGA-75-7025,TCGA,luad_tcga,TCGA-75-7025,,Unknown,Male,Stage I,Lung adenocarcinoma / NSCLC context,EGFR exon 19 deletion EGFR exon 19 deletion p.E746_A750del p.E746_A750del,EGFR exon 19 deletion,p.E746_A750del,,0,0,0,0,0,0,0,Osimertinib,0.5958,0.9896,0.0,1.0,HIGH_TRUST_PUBLIC_VALIDATION_SUPPORTED_AFTER_15B,0.95,0.0,0.3325,0.3325,0.0,Partial response proxy,0.478,0.3954,0.38,Living,108.57,True,True,False,False,False,True,REAL_SURVIVAL_PARTIAL,survival_label_candidate_review_needed,EGFR_Global_TrustedEvidenceFusion_v1_15B_civic_label_citation_repair
TCGA__luad_tcga__TCGA-78-7147,TCGA__luad_tcga__TCGA-78-7147,TCGA,luad_tcga,TCGA-78-7147,67.0,67 years,Female,Stage II,Lung adenocarcinoma / NSCLC context,EGFR L861Q; EGFR exon 19 deletion; Other EGFR alteration EGFR L861Q; EGFR exon 19 deletion; Other EGFR alteration p.D1083Efs*11; p.L387M; p.L861Q p.D1083Efs*11; p.L387M; p.L861Q,EGFR exon 19 deletion,p.D1083Efs*11; p.L387M; p.L861Q,TP53,0,0,0,0,1,0,0,Osimertinib,0.562,0.9058,0.0,1.0,HIGH_TRUST_PUBLIC_VALIDATION_SUPPORTED_AFTER_15B,1.0,0.0,0.37,0.37,0.0,Partial response proxy,0.6997,0.5306,0.38,Deceased,19.25,True,True,False,False,False,True,REAL_SURVIVAL_PARTIAL,survival_label_candidate_review_needed,EGFR_Global_TrustedEvidenceFusion_v1_15B_civic_label_citation_repair
TCGA__luad_tcga__TCGA-78-7155,TCGA__luad_tcga__TCGA-78-7155,TCGA,luad_tcga,TCGA-78-7155,68.0,68 years,Male,Stage I,Lung adenocarcinoma / NSCLC context,Other EGFR alteration Other EGFR alteration p.G901V; p.K754I; p.Q432H p.G901V; p.K754I; p.Q432H,Other EGFR alteration,p.G901V; p.K754I; p.Q432H,TP53,0,0,0,0,1,0,0,Platinum-based Chemotherapy,0.2484,0.3805,0.0338,0.6425,PARTIAL_PUBLIC_VALIDATION_SUPPORTED_AFTER_15B,0.8,0.0128,0.3,0.3,0.0638,Progression proxy,1.2328,0.9214,0.4176,Deceased,38.47,True,True,False,False,False,True,REAL_SURVIVAL_PARTIAL,survival_label_candidate_review_needed,EGFR_Global_TrustedEvidenceFusion_v1_15B_civic_label_citation_repair
TCGA__luad_tcga__TCGA-78-7158,TCGA__luad_tcga__TCGA-78-7158,TCGA,luad_tcga,TCGA-78-7158,59.0,59 years,Female,Stage III,Lung adenocarcinoma / NSCLC context,Other EGFR alteration Other EGFR alteration p.L907M p.L907M,Other EGFR alteration,p.L907M,KEAP1,0,0,0,0,0,0,1,Platinum-based Chemotherapy,0.2601,0.3927,0.0019,0.6425,PARTIAL_PUBLIC_VALIDATION_SUPPORTED_AFTER_15B,0.8,0.0022,0.28,0.28,0.0112,Progression proxy,1.3162,0.9311,0.3866,Deceased,5.88,True,True,False,False,False,True,REAL_SURVIVAL_PARTIAL,survival_label_candidate_review_needed,EGFR_Global_TrustedEvidenceFusion_v1_15B_civic_label_citation_repair
TCGA__luad_tcga__TCGA-91-6835,TCGA__luad_tcga__TCGA-91-6835,TCGA,luad_tcga,TCGA-91-6835,81.0,81 years,Female,Stage I,Lung adenocarcinoma / NSCLC context,EGFR L858R EGFR L858R p.L858R p.L858R,EGFR L858R,p.L858R,,0,0,0,0,0,0,0,Osimertinib,0.5949,0.9873,0.0,1.0,HIGH_TRUST_PUBLIC_VALIDATION_SUPPORTED_AFTER_15B,0.95,0.0,0.3325,0.3325,0.0,Partial response proxy,0.4824,0.3988,0.38,Living,2.6,True,True,False,False,False,True,REAL_SURVIVAL_PARTIAL,survival_label_candidate_review_needed,EGFR_Global_TrustedEvidenceFusion_v1_15B_civic_label_citation_repair
TCGA__luad_tcga__TCGA-91-6847,TCGA__luad_tcga__TCGA-91-6847,TCGA,luad_tcga,TCGA-91-6847,62.0,62 years,Female,Stage I,Lung adenocarcinoma / NSCLC context,EGFR L861Q EGFR L861Q p.L861Q p.L861Q,EGFR L861Q,p.L861Q,MET;TP53,1,0,0,0,1,0,0,Afatinib,0.3481,0.588,0.4792,0.9519,HIGH_TRUST_PUBLIC_VALIDATION_SUPPORTED_AFTER_15B,0.9,0.8,0.475,0.4525,0.35,Progression proxy,1.2169,0.9197,0.4441,Living,27.66,True,True,False,False,False,True,REAL_SURVIVAL_PARTIAL,survival_label_candidate_review_needed,EGFR_Global_TrustedEvidenceFusion_v1_15B_civic_label_citation_repair
TCGA__luad_tcga__TCGA-95-7039,TCGA__luad_tcga__TCGA-95-7039,TCGA,luad_tcga,TCGA-95-7039,54.0,54 years,Female,Stage II,Lung adenocarcinoma / NSCLC context,Other EGFR alteration Other EGFR alteration p.S921R p.S921R,Other EGFR alteration,p.S921R,KRAS;PIK3CA;BRAF;TP53,0,1,1,1,1,0,0,Platinum-based Chemotherapy,0.2422,0.3747,0.55,0.6425,PARTIAL_PUBLIC_VALIDATION_SUPPORTED_AFTER_15B,0.8,0.0277,0.65,0.7525,0.55,Progression proxy,1.3356,0.9461,0.55,Living,41.79,True,True,False,False,False,True,REAL_SURVIVAL_PARTIAL,survival_label_candidate_review_needed,EGFR_Global_TrustedEvidenceFusion_v1_15B_civic_label_citation_repair
TCGA__luad_tcga__TCGA-95-7947,TCGA__luad_tcga__TCGA-95-7947,TCGA,luad_tcga,TCGA-95-7947,67.0,67 years,Male,Stage I,Lung adenocarcinoma / NSCLC context,Other EGFR alteration Other EGFR alteration p.I91V; p.R1052I p.I91V; p.R1052I,Other EGFR alteration,p.I91V; p.R1052I,PIK3CA;TP53;KEAP1,0,0,1,0,1,0,1,Platinum-based Chemotherapy,0.2267,0.3583,0.35,0.6425,PARTIAL_PUBLIC_VALIDATION_SUPPORTED_AFTER_15B,0.8,0.031,0.65,0.33,0.35,Progression proxy,1.4191,0.9697,0.4716,Living,15.67,True,True,False,False,False,True,REAL_SURVIVAL_PARTIAL,survival_label_candidate_review_needed,EGFR_Global_TrustedEvidenceFusion_v1_15B_civic_label_citation_repair
