country,region,query
Tunisia,North Africa / MENA,EGFR lung adenocarcinoma NSCLC Tunisia mutation frequency
Tunisia,North Africa / MENA,EGFR mutated non small cell lung cancer Tunisia cohort
Tunisia,North Africa / MENA,lung cancer EGFR mutations Tunisia adenocarcinoma
Morocco,North Africa / MENA,EGFR lung adenocarcinoma NSCLC Morocco mutation frequency
Morocco,North Africa / MENA,EGFR mutated non small cell lung cancer Morocco cohort
Morocco,North Africa / MENA,lung cancer EGFR mutations Morocco adenocarcinoma
Egypt,North Africa / MENA,EGFR lung adenocarcinoma NSCLC Egypt mutation frequency
Egypt,North Africa / MENA,EGFR mutated non small cell lung cancer Egypt cohort
Egypt,North Africa / MENA,lung cancer EGFR mutations Egypt adenocarcinoma
Spain,Europe / Mediterranean,EGFR lung adenocarcinoma NSCLC Spain mutation frequency
Spain,Europe / Mediterranean,EGFR mutated non small cell lung cancer Spain cohort
Spain,Europe / Mediterranean,lung cancer EGFR mutations Spain adenocarcinoma
Italy,Europe / Mediterranean,EGFR lung adenocarcinoma NSCLC Italy mutation frequency
Italy,Europe / Mediterranean,EGFR mutated non small cell lung cancer Italy cohort
Italy,Europe / Mediterranean,lung cancer EGFR mutations Italy adenocarcinoma
Japan,East Asia,EGFR lung adenocarcinoma NSCLC Japan mutation frequency
Japan,East Asia,EGFR mutated non small cell lung cancer Japan cohort
Japan,East Asia,lung cancer EGFR mutations Japan adenocarcinoma
China,East Asia,EGFR lung adenocarcinoma NSCLC China mutation frequency
China,East Asia,EGFR mutated non small cell lung cancer China cohort
China,East Asia,lung cancer EGFR mutations China adenocarcinoma
India,South Asia,EGFR lung adenocarcinoma NSCLC India mutation frequency
India,South Asia,EGFR mutated non small cell lung cancer India cohort
India,South Asia,lung cancer EGFR mutations India adenocarcinoma
South Korea,East Asia,EGFR lung adenocarcinoma NSCLC South Korea mutation frequency
South Korea,East Asia,EGFR mutated non small cell lung cancer South Korea cohort
South Korea,East Asia,lung cancer EGFR mutations South Korea adenocarcinoma
Turkey,MENA / Europe,EGFR lung adenocarcinoma NSCLC Turkey mutation frequency
Turkey,MENA / Europe,EGFR mutated non small cell lung cancer Turkey cohort
Turkey,MENA / Europe,lung cancer EGFR mutations Turkey adenocarcinoma
Saudi Arabia,MENA,EGFR lung adenocarcinoma NSCLC Saudi Arabia mutation frequency
Saudi Arabia,MENA,EGFR mutated non small cell lung cancer Saudi Arabia cohort
Saudi Arabia,MENA,lung cancer EGFR mutations Saudi Arabia adenocarcinoma
United Arab Emirates,MENA,EGFR lung adenocarcinoma NSCLC United Arab Emirates mutation frequency
United Arab Emirates,MENA,EGFR mutated non small cell lung cancer United Arab Emirates cohort
United Arab Emirates,MENA,lung cancer EGFR mutations United Arab Emirates adenocarcinoma
France,Europe,EGFR lung adenocarcinoma NSCLC France mutation frequency
France,Europe,EGFR mutated non small cell lung cancer France cohort
France,Europe,lung cancer EGFR mutations France adenocarcinoma
Germany,Europe,EGFR lung adenocarcinoma NSCLC Germany mutation frequency
Germany,Europe,EGFR mutated non small cell lung cancer Germany cohort
Germany,Europe,lung cancer EGFR mutations Germany adenocarcinoma
United Kingdom,Europe,EGFR lung adenocarcinoma NSCLC United Kingdom mutation frequency
United Kingdom,Europe,EGFR mutated non small cell lung cancer United Kingdom cohort
United Kingdom,Europe,lung cancer EGFR mutations United Kingdom adenocarcinoma
United States,North America,EGFR lung adenocarcinoma NSCLC United States mutation frequency
United States,North America,EGFR mutated non small cell lung cancer United States cohort
United States,North America,lung cancer EGFR mutations United States adenocarcinoma
Brazil,Latin America,EGFR lung adenocarcinoma NSCLC Brazil mutation frequency
Brazil,Latin America,EGFR mutated non small cell lung cancer Brazil cohort
Brazil,Latin America,lung cancer EGFR mutations Brazil adenocarcinoma
