Tumor ID,Sex,Age at diagnosis,T stage,N stage, Tumor stage,Smoking Status,Survival,Transversion High/Low,Nonsilent Mutations,Nonsilent Mutations per Mb,Oncogene Negative or Positive Groups,TP53,STK11,KRAS,KEAP1,EGFR,RBM10,SMARCA4,ARID1A,CDKN2A,U2AF1,SETD2,BRAF,RB1,PIK3CA,MGA,NF1,MET,ERBB2,HRAS,NRAS,AKT1,RIT1,MAP2K1,Fusions mentioned in main text only,expression_subtype,NA=not applicable,TP53,KRAS,EGFR,STK11,RBM10,CDKN2A,KEAP1,BRAF,U2AF1,SMARCA4,NF1,MET,ARID1A,SETD2,RB1,PIK3CA,MGA,RIT1,NKX2-1,MDM2,TERT,TERC,MYC,CCND1,CCNE1,CDK4,ERBB2,HRAS,NRAS,AKT1,TP53,KRAS,EGFR,STK11,RBM10,CDKN2A,KEAP1,BRAF,U2AF1,SMARCA4,NF1,MET,ARID1A,SETD2,RB1,PIK3CA,MGA,RIT1,NKX2-1,MDM2,TERT,TERC,MYC,CCND1,CCNE1,CDK4,ERBB2,HRAS,NRAS,AKT1,iCLUSTER output,methylation signature,mechanism of mTOR pathway activation,ABSOLUTE calls,ABSOLUTE calls
TCGA-05-4382,MALE,68,T2,N0,Stage IB,Current reformed smoker for < or = 15 years,LIVING,High,1316,37.78,Oncogene Negative,p.V272G,none,none,none,"p.R222L, p.E545Q",none,none,p.E1760*,none,none,none,p.L613F,none,none,none,none,none,none,none,none,none,none,none,,prox.-inflam,,0,1,1,-2,0,-2,-2,0,-1,-2,1,0,0,-1,1,1,-1,1,0,2,1,1,-1,-1,0,0,1,-1,0,-2,N,N,N,D,N,D,D,N,N,D,N,N,N,N,N,N,N,N,N,A,A,N,D,N,N,N,N,N,N,D,1,,,2.95,0.23
TCGA-05-4410,MALE,62,T2,N0,Stage IB,Current reformed smoker for < or = 15 years,LIVING,High,990,28.42,Oncogene Positive,p.D281V,none,none,none,p.R377S,none,none,none,none,none,none,p.G466V,none,none,none,none,none,none,none,none,none,none,none,,TRU,,-1,0,1,-1,0,1,-1,1,0,-1,1,1,0,1,0,1,-1,1,0,0,1,1,1,1,1,0,1,-1,0,0,N,N,N,N,N,N,N,N,N,N,N,N,N,N,N,N,N,N,N,N,N,N,A,N,A,N,N,N,N,N,3,intermediate ,Akt.pS473,4.47,0.24
TCGA-05-5423,MALE,65,T2,N1,Stage IIB,Current reformed smoker for > 15 years,LIVING,High,136,3.9,Oncogene Positive,p.R249M,none,none,none,"p.L833F, p.L861Q",none,none,none,none,none,none,none,none,none,none,none,none,none,none,none,none,none,none,,TRU,,0,0,1,0,1,-1,0,1,1,0,0,1,0,0,-1,0,0,1,1,0,1,0,1,1,0,1,0,1,0,0,N,N,N,N,N,N,N,N,N,N,N,N,N,N,N,N,N,N,A,N,A,N,N,N,N,A,N,N,N,N,3,low ,unaligned,2.36,0.59
TCGA-38-4627,FEMALE,64,T1b,N1,Stage IIA,Current reformed smoker for < or = 15 years,DECEASED,Low,33,0.95,Oncogene Positive,none,none,none,none,"p.L62R, p.L858R",none,none,none,none,none,none,none,none,none,none,none,none,none,none,none,none,none,none,,prox.-inflam,,0,0,1,0,0,-1,0,1,-1,0,0,1,-1,-1,0,0,-1,0,1,0,1,0,0,0,0,0,0,0,0,1,N,N,N,N,N,N,N,N,N,N,N,N,N,N,N,N,N,N,N,N,N,N,N,N,N,N,N,N,N,N,1,,unaligned,1.97,0.19
TCGA-44-6147,FEMALE,67,T1b,NX,Stage IA,Current reformed smoker for > 15 years,LIVING,High,170,4.88,Oncogene Positive,p.R110L,none,none,none,"p.S768I, p.V769L",none,none,p.E2032K,none,none,none,none,none,none,none,none,none,none,none,none,none,none,none,,TRU,,0,0,1,1,0,1,1,1,1,1,0,1,0,-1,-1,1,-1,1,1,0,1,1,1,1,1,0,0,0,0,1,N,N,N,N,N,N,N,N,N,N,N,N,N,N,N,N,N,N,N,N,N,N,N,N,N,N,N,N,N,N,3,intermediate ,Akt.pS473,2.13,0.42
TCGA-49-4490,FEMALE,45,T3,N2,Stage IIIA,Current reformed smoker for > 15 years,DECEASED,Low,61,1.75,Oncogene Positive,p.R213*,none,none,none,p.L858R,none,none,none,none,none,none,none,none,none,none,none,none,none,none,none,none,none,none,,TRU,,-1,-1,1,-1,1,-2,-1,1,1,-1,1,1,1,0,0,0,-1,1,1,-1,1,0,1,0,-1,-1,1,-1,1,1,N,N,N,D,A,D,D,N,N,D,N,N,N,N,N,N,N,N,N,N,N,N,A,N,N,N,N,N,N,N,1,low ,,5.18,0.26
TCGA-49-4494,MALE,77,T3,N2,Stage IIIA,Current reformed smoker for > 15 years,DECEASED,High,173,4.97,Oncogene Positive,none,none,none,none,"p.T790M, p.L858R",p.Q192_splice,none,none,none,none,none,none,none,none,p.E2115*,none,none,none,none,none,none,none,none,,prox.-prolif.,,0,0,1,0,0,-2,0,1,0,0,0,1,-1,0,0,0,-2,1,0,0,0,0,0,1,0,0,0,0,-1,0,N,N,N,N,N,D,N,N,N,N,N,N,N,N,N,N,D,N,N,N,N,N,N,A,N,N,N,N,N,N,3,,Akt.pS473,4.06,0.3
TCGA-50-5944,FEMALE,69,T1,N0,Stage IA,[Not Available],LIVING,Low,55,1.58,Oncogene Positive,p.E285*,none,none,none,p.L858R,none,none,none,none,none,none,none,none,none,none,none,none,none,none,none,none,none,none,,TRU,,-1,1,1,-1,0,-2,-1,1,1,-1,1,1,1,0,-1,0,0,1,0,1,2,0,1,0,-1,1,1,0,1,0,N,N,N,N,N,D,A,N,A,A,N,N,N,N,N,N,N,N,N,N,A,N,N,N,N,N,N,N,N,N,1,low ,unaligned,3.34,0.57
TCGA-50-6595,FEMALE,74,T2,N2,Stage IIIA,Current reformed smoker for > 15 years,DECEASED,Low,103,2.96,Oncogene Positive,p.R175H,none,none,none,"p.G719A, p.S768I",none,none,none,p.R22fs,none,none,none,none,none,none,none,none,none,none,none,none,none,none,,prox.-inflam,,0,0,1,0,0,0,0,0,-1,0,0,0,-1,-1,0,1,0,0,1,0,0,1,1,0,0,0,0,0,-1,0,N,N,N,N,N,N,N,N,N,N,N,N,N,N,N,A,N,N,A,N,N,A,A,N,N,N,N,N,N,N,6,low ,unaligned,2.47,0.18
TCGA-55-7573,FEMALE,72,T1b,N0,Stage IA,Current reformed smoker for > 15 years,LIVING,High,53,1.52,Oncogene Positive,p.C135F,none,none,none,"p.K754E, p.ELR746del",none,none,none,none,none,none,none,none,none,none,none,none,none,none,none,none,none,none,,TRU,,-1,-1,0,0,0,-1,0,0,0,0,0,0,1,-1,-1,0,1,1,0,0,1,1,-1,0,0,0,0,-1,1,0,N,N,N,N,N,N,N,N,N,N,N,N,N,N,N,N,A,N,N,N,N,A,N,N,N,N,N,N,N,N,6,low ,Akt.pS473,3.2,0.33
TCGA-64-1681,FEMALE,61,T1,N0,Stage IA,Current reformed smoker for > 15 years,DECEASED,Low,79,2.27,Oncogene Positive,p.E180K,none,none,none,p.L858R,none,none,p.Q1894*,none,none,none,none,none,none,none,none,none,none,none,none,none,none,none,,TRU,,-1,1,1,-1,0,-2,-1,1,0,-1,0,1,1,0,-1,0,-1,1,0,1,2,0,0,2,-1,1,0,0,1,0,N,A,N,N,N,D,N,N,N,N,N,N,A,N,N,N,N,N,N,N,A,N,N,A,N,N,N,N,N,N,1,low ,unaligned,5.8,0.27
TCGA-67-3772,FEMALE,82,T2,N0,Stage IB,Lifelong Non-smoker,LIVING,Low,78,2.24,Oncogene Positive,none,none,none,none,p.L858R,none,none,none,none,none,none,none,none,none,none,none,none,none,none,none,none,none,none,,TRU,,-1,0,1,-1,-1,-2,-1,1,0,-1,1,1,1,-1,1,-1,-1,1,1,0,-1,-1,0,0,-1,0,1,0,-1,0,N,N,N,N,N,D,N,N,N,N,N,N,A,N,N,N,N,N,A,N,N,N,N,N,N,N,N,N,D,N,1,,,1.94,0.43
TCGA-67-6217,FEMALE,73,T2a,N1,Stage IIB,Current reformed smoker for > 15 years,LIVING,High,175,5.02,Oncogene Positive,none,none,none,none,p.L858R,none,none,none,none,none,none,none,none,none,none,none,none,none,none,none,none,none,none,,TRU,,-1,-1,1,-1,-1,-1,1,0,1,0,-1,0,1,-1,-1,-1,-1,1,2,-1,1,-1,1,0,0,-1,-1,0,1,-1,N,N,N,D,D,N,A,N,N,N,N,N,N,N,N,N,D,N,A,N,A,N,A,N,N,N,N,N,N,N,6,low ,Akt.pS473,6.16,0.25
TCGA-78-7147,FEMALE,67,T2,N1,Stage IIB,Current smoker,DECEASED,High,291,8.35,Oncogene Positive,p.Y236*,none,none,none,"p.L387M, p.L861Q, p.D1083fs",none,none,none,none,none,none,none,none,none,none,none,none,none,none,none,none,none,none,,TRU,,-1,-1,1,-1,0,-1,-1,1,1,-1,1,1,1,-1,-2,0,-1,1,0,0,1,1,1,1,0,0,1,-1,1,-1,N,N,A,N,N,N,N,N,N,N,N,N,N,D,D,N,N,N,N,N,N,A,A,A,N,N,N,D,N,D,3,high ,unaligned,3.16,0.62
TCGA-78-7155,MALE,68,T2,N0,Stage IB,Current reformed smoker for < or = 15 years,DECEASED,High,1339,38.44,Oncogene Negative,p.R337L,none,none,none,"p.Q432H, p.K754I, p.G901V",none,none,none,none,none,none,none,none,none,none,none,none,none,none,none,none,none,none,,prox.-inflam,,1,1,2,0,1,0,0,0,1,0,1,0,1,0,-1,1,0,0,2,0,2,1,1,1,0,0,0,0,0,-1,A,A,A,N,N,N,N,N,N,N,A,N,N,N,N,A,N,N,A,N,A,A,A,N,N,N,N,N,N,D,1,low ,unaligned,2.52,0.81
TCGA-78-7158,FEMALE,59,T4,N2,Stage IIIB,Current reformed smoker for < or = 15 years,DECEASED,High,212,6.09,Oncogene Negative,none,none,none,p.I461V,p.L907M,p.E800*,none,none,none,none,none,none,none,none,none,none,none,none,none,none,none,none,none,,TRU,,0,0,0,0,0,0,0,0,0,0,0,0,0,0,0,0,-1,1,0,0,0,0,1,0,0,0,0,0,0,0,N,N,N,N,N,N,N,N,N,N,N,N,N,N,N,N,N,N,N,N,N,N,N,N,N,N,N,N,N,N,4,high ,unaligned,2.09,0.86
TCGA-91-6835,FEMALE,81,T1,N0,Stage IA,Current reformed smoker for > 15 years,LIVING,Low,83,2.38,Oncogene Positive,none,none,none,none,p.L858R,none,none,none,none,none,none,none,p.Q344*,none,none,none,none,none,none,none,none,none,none,,prox.-inflam,,-1,2,1,0,0,-1,0,1,0,0,1,1,0,-1,-1,1,-1,2,1,0,0,1,0,0,0,0,1,0,0,1,D,A,N,N,N,N,N,N,N,N,N,N,N,N,N,N,N,A,N,N,N,N,N,N,N,N,N,N,N,N,6,low ,unaligned,1.99,0.21
TCGA-91-6847,FEMALE,62,T2,N0,Stage IB,Current reformed smoker for > 15 years,LIVING,Low,70,2.01,Oncogene Positive,p.R110L,none,none,none,p.L861Q,none,none,none,none,none,none,none,p.K96fs,none,none,none,p.Y321H,none,none,none,none,none,none,,prox.-inflam,,-1,1,2,0,0,-1,0,1,0,0,0,1,1,-1,0,-1,-1,1,2,-1,0,-1,2,-1,0,-1,1,-1,1,1,N,A,A,N,N,N,N,N,N,N,N,N,N,N,N,N,N,N,A,N,N,N,A,N,N,N,A,N,N,N,3,intermediate ,unaligned,3.65,0.85
TCGA-95-7039,FEMALE,54,T3,N0,Stage IIA,Current smoker,LIVING,High,1119,32.12,Oncogene Negative,p.R273L,none,p.D33E,none,p.S921R,none,none,none,none,none,none,p.D565_splice,none,none,p.K624*,none,none,none,none,none,none,none,none,,prox.-inflam,,-1,-1,1,-1,1,2,-1,2,0,-1,1,2,1,-1,-1,-1,-1,1,-1,-1,2,2,0,1,-1,-1,1,-1,-1,-1,N,N,A,N,A,A,N,A,N,N,N,A,D,N,N,N,N,N,N,N,A,A,N,A,N,N,N,D,D,N,3,high ,unaligned,5.73,0.41
TCGA-95-7947,MALE,67,T1a,N0,Stage IA,Current reformed smoker for > 15 years,LIVING,High,461,13.23,Oncogene Negative,p.Y205C,none,none,p.S102L,"p.I91V, p.R1052I",none,none,none,none,none,none,none,p.P238fs,p.E453Q,none,none,none,none,none,none,none,none,none,,prox.-inflam,,-1,-1,1,0,0,1,0,1,0,0,0,1,0,-1,-1,1,0,1,0,1,1,1,0,0,0,0,2,0,-1,0,N,N,N,N,N,N,N,N,N,N,N,N,N,N,D,N,N,N,N,A,N,N,N,N,N,N,A,N,D,N,3,low ,PI3K_mut,2.07,0.66
