global_patient_id,source_name,source_sample_id,gene,chromosome,start_position,end_position,reference_allele,tumor_allele,variant_classification,protein_change,egfr_alteration_group,oncogenicity
LOCAL__TCGA-67-6217,Current local digital twin JSON,TCGA-67-6217,EGFR,,,,,,,EGFR L858R,EGFR L858R,To verify
LOCAL__TCGA-91-6847,Current local digital twin JSON,TCGA-91-6847,EGFR,,,,,,,Uncommon sensitizing EGFR mutation,EGFR uncommon sensitizing,To verify
LOCAL__TCGA-44-2661,Current local digital twin JSON,TCGA-44-2661,EGFR,,,,,,,EGFR exon 19 deletion,EGFR exon 19 deletion,To verify
LOCAL__TCGA-05-4402,Current local digital twin JSON,TCGA-05-4402,EGFR,,,,,,,EGFR exon 19 deletion,EGFR exon 19 deletion,To verify
LOCAL__TCGA-64-1681,Current local digital twin JSON,TCGA-64-1681,EGFR,,,,,,,EGFR L858R,EGFR L858R,To verify
LOCAL__TCGA-69-7765,Current local digital twin JSON,TCGA-69-7765,EGFR,,,,,,,Rare/uncertain EGFR mutation,Other EGFR alteration,To verify
LOCAL__TCGA-50-6595,Current local digital twin JSON,TCGA-50-6595,EGFR,,,,,,,Uncommon sensitizing EGFR mutation,EGFR uncommon sensitizing,To verify
LOCAL__TCGA-49-4494,Current local digital twin JSON,TCGA-49-4494,EGFR,,,,,,,Compound EGFR mutation with T790M resistance,EGFR T790M,To verify
LOCAL__TCGA-38-6178,Current local digital twin JSON,TCGA-38-6178,EGFR,,,,,,,EGFR exon 19 deletion,EGFR exon 19 deletion,To verify
LOCAL__TCGA-38-4627,Current local digital twin JSON,TCGA-38-4627,EGFR,,,,,,,EGFR L858R,EGFR L858R,To verify
LOCAL__TCGA-49-4501,Current local digital twin JSON,TCGA-49-4501,EGFR,,,,,,,EGFR exon 19 deletion,EGFR exon 19 deletion,To verify
LOCAL__TCGA-75-6207,Current local digital twin JSON,TCGA-75-6207,EGFR,,,,,,,EGFR exon 19 deletion,EGFR exon 19 deletion,To verify
LOCAL__TCGA-78-7155,Current local digital twin JSON,TCGA-78-7155,EGFR,,,,,,,Rare/uncertain EGFR mutation,Other EGFR alteration,To verify
LOCAL__TCGA-44-6147,Current local digital twin JSON,TCGA-44-6147,EGFR,,,,,,,Uncommon sensitizing EGFR mutation,EGFR uncommon sensitizing,To verify
LOCAL__TCGA-75-6212,Current local digital twin JSON,TCGA-75-6212,EGFR,,,,,,,EGFR exon 19 deletion,EGFR exon 19 deletion,To verify
LOCAL__TCGA-95-7947,Current local digital twin JSON,TCGA-95-7947,EGFR,,,,,,,Rare/uncertain EGFR mutation,Other EGFR alteration,To verify
LOCAL__TCGA-55-6981,Current local digital twin JSON,TCGA-55-6981,EGFR,,,,,,,EGFR exon 19 deletion,EGFR exon 19 deletion,To verify
LOCAL__TCGA-95-7039,Current local digital twin JSON,TCGA-95-7039,EGFR,,,,,,,Rare/uncertain EGFR mutation,Other EGFR alteration,To verify
LOCAL__TCGA-91-6835,Current local digital twin JSON,TCGA-91-6835,EGFR,,,,,,,EGFR L858R,EGFR L858R,To verify
LOCAL__TCGA-78-7147,Current local digital twin JSON,TCGA-78-7147,EGFR,,,,,,,Uncommon sensitizing EGFR mutation,EGFR uncommon sensitizing,To verify
LOCAL__TCGA-05-4410,Current local digital twin JSON,TCGA-05-4410,EGFR,,,,,,,Rare/uncertain EGFR mutation,Other EGFR alteration,To verify
LOCAL__TCGA-69-7760,Current local digital twin JSON,TCGA-69-7760,EGFR,,,,,,,Rare/uncertain EGFR mutation,Other EGFR alteration,To verify
LOCAL__TCGA-55-7573,Current local digital twin JSON,TCGA-55-7573,EGFR,,,,,,,EGFR exon 19 deletion,EGFR exon 19 deletion,To verify
