gene,alteration,tumor_type,evidence_type,evidence_direction,drug,evidence_level,source,source_id_or_url,curation_status,notes
EGFR,EGFR L858R,LUAD/NSCLC,,Sensitivity,Erlotinib,LEVEL_1_OR_2_TO_VERIFY,,,Needs manual verification,
EGFR,EGFR exon 20 insertion,LUAD/NSCLC,,Sensitivity,Amivantamab,LEVEL_1_OR_2_TO_VERIFY,,,Needs manual verification,
EGFR,EGFR exon 20 insertion,LUAD/NSCLC,,Sensitivity,Amivantamab,LEVEL_1_OR_2_TO_VERIFY,,,Needs manual verification,
EGFR,EGFR exon 20 insertion,LUAD/NSCLC,,Sensitivity,Amivantamab,LEVEL_1_OR_2_TO_VERIFY,,,Needs manual verification,
EGFR,EGFR exon 20 insertion,LUAD/NSCLC,,Sensitivity,Amivantamab,LEVEL_1_OR_2_TO_VERIFY,,,Needs manual verification,
EGFR,EGFR exon 20 insertion,LUAD/NSCLC,,Sensitivity,Amivantamab,LEVEL_1_OR_2_TO_VERIFY,,,Needs manual verification,
EGFR,EGFR exon 20 insertion,LUAD/NSCLC,,Sensitivity,Amivantamab,LEVEL_1_OR_2_TO_VERIFY,,,Needs manual verification,
EGFR,EGFR T790M,LUAD/NSCLC,,Sensitivity,Osimertinib,R1_OR_STANDARD_TO_VERIFY,,,Needs manual verification,
EGFR,EGFR exon 20 insertion,LUAD/NSCLC,,Sensitivity,Amivantamab,LEVEL_1_OR_2_TO_VERIFY,,,Needs manual verification,
EGFR,EGFR L858R,LUAD/NSCLC,,Sensitivity,Erlotinib,LEVEL_1_OR_2_TO_VERIFY,,,Needs manual verification,
EGFR,EGFR exon 20 insertion,LUAD/NSCLC,,Sensitivity,Amivantamab,LEVEL_1_OR_2_TO_VERIFY,,,Needs manual verification,
EGFR,EGFR exon 20 insertion,LUAD/NSCLC,,Sensitivity,Amivantamab,LEVEL_1_OR_2_TO_VERIFY,,,Needs manual verification,
EGFR,EGFR exon 20 insertion,LUAD/NSCLC,,Sensitivity,Amivantamab,LEVEL_1_OR_2_TO_VERIFY,,,Needs manual verification,
EGFR,EGFR exon 20 insertion,LUAD/NSCLC,,Sensitivity,Amivantamab,LEVEL_1_OR_2_TO_VERIFY,,,Needs manual verification,
EGFR,EGFR exon 19 deletion,LUAD/NSCLC,,Sensitivity,Erlotinib,LEVEL_1_OR_2_TO_VERIFY,,,Needs manual verification,
EGFR,EGFR exon 20 insertion,LUAD/NSCLC,,Sensitivity,Amivantamab,LEVEL_1_OR_2_TO_VERIFY,,,Needs manual verification,
EGFR,EGFR exon 19 deletion,LUAD/NSCLC,,Sensitivity,Erlotinib,LEVEL_1_OR_2_TO_VERIFY,,,Needs manual verification,
EGFR,EGFR exon 20 insertion,LUAD/NSCLC,,Sensitivity,Amivantamab,LEVEL_1_OR_2_TO_VERIFY,,,Needs manual verification,
EGFR,EGFR exon 20 insertion,LUAD/NSCLC,,Sensitivity,Amivantamab,LEVEL_1_OR_2_TO_VERIFY,,,Needs manual verification,
EGFR,EGFR exon 20 insertion,LUAD/NSCLC,,Sensitivity,Amivantamab,LEVEL_1_OR_2_TO_VERIFY,,,Needs manual verification,
EGFR,EGFR exon 20 insertion,LUAD/NSCLC,,Sensitivity,Amivantamab,LEVEL_1_OR_2_TO_VERIFY,,,Needs manual verification,
EGFR,EGFR exon 20 insertion,LUAD/NSCLC,,Sensitivity,Amivantamab,LEVEL_1_OR_2_TO_VERIFY,,,Needs manual verification,
EGFR,EGFR exon 20 insertion,LUAD/NSCLC,,Sensitivity,Amivantamab,LEVEL_1_OR_2_TO_VERIFY,,,Needs manual verification,
