source_id,source_name,country_or_region,trust_category,access_status,allowed_for_model_training,allowed_for_dashboard,allowed_for_regional_context,patient_level_available,molecular_fields_available,treatment_outcome_available,curation_status,mandatory_label,notes
TCGA_LUAD_CBIOPORTAL,TCGA-LUAD via cBioPortal/DataHub,USA / TCGA,TRAINABLE_PATIENT_LEVEL,public_downloaded,True,True,True,True,True,False,APPROVED_WITH_LIMITS,patient-level dataset,Already ingested in Notebook 10 if present in repaired tables.
CPTAC_LUAD_CBIOPORTAL,CPTAC-LUAD via cBioPortal/DataHub,USA / CPTAC,TRAINABLE_PATIENT_LEVEL,public_downloaded_partially,True,True,True,True,True,False,APPROVED_WITH_LIMITS,patient-level dataset,Notebook 10 includes CPTAC EGFR-mutant patients. True phosphoproteomics integration is still pending.
AACR_GENIE_PUBLIC,AACR Project GENIE public,International,CONTROLLED_ACCESS_REQUIRED,manual_terms_required,False,False,False,yes after official access,yes after official access,limited depending release,BLOCKED_PENDING_ACCESS_OR_REVIEW,not allowed yet,Do not use until official access is completed. No bypassing access rules.
AACR_GENIE_BPC_NSCLC,AACR GENIE BPC NSCLC,International,CONTROLLED_ACCESS_REQUIRED,manual_terms_required,False,False,False,yes after official access,yes after official access,yes depending released tables,BLOCKED_PENDING_ACCESS_OR_REVIEW,not allowed yet,"Ideal validation source later, but blocked until terms/access."
CIVIC,CIViC Clinical Interpretation of Variants in Cancer,global knowledgebase,KNOWLEDGE_EVIDENCE,open_public,False,True,True,False,True,"evidence statements, not raw patient outcome",APPROVED_WITH_LIMITS,knowledge evidence only,"Use for traceable sensitivity/resistance evidence, not as patient rows."
CGI,Cancer Genome Interpreter,global knowledgebase/tool,KNOWLEDGE_EVIDENCE,public_tool_or_manual,False,True,True,False,True,"biomarker interpretation, not raw patient outcome",APPROVED_WITH_LIMITS,knowledge evidence only,Use as actionability/oncogenicity support only.
DGIDB,DGIdb Drug Gene Interaction Database,global knowledgebase,KNOWLEDGE_EVIDENCE,open_public,False,True,False,False,True,False,APPROVED_WITH_LIMITS,knowledge evidence only,Never use DGIdb alone to recommend therapy.
PATHWAY_PROXY_NOTEBOOK10,Mutation-derived pathway proxy from Notebook 10,derived from TCGA/CPTAC seed cohort,PROXY_PENDING_VALIDATION,generated_internal,False,True,False,True,True,False,APPROVED_WITH_LIMITS,proxy pending validation,Allowed in dashboard only if labeled clearly as mutation-derived proxy.
LIT_Brazil_41522158,Prevalence of &lt;i&gt;EGFR&lt;/i&gt; mutations in patients with resected stage I-III non-small cell lung cancer: results from EARLY-EGFR Latin America study.,Brazil,REGIONAL_PREVALENCE_CONTEXT,literature_candidate_pending_manual_review,False,False,True,False,summary only until reviewed,False,PENDING_MANUAL_REVIEW,"regional context candidate, not training data",Use only after manual extraction/verification of prevalence values; never as patient-level data.
LIT_Brazil_41423794,Metastatic colorectal adenocarcinoma with APC and EGFR L858R co-mutations: a case report.,Brazil,REGIONAL_PREVALENCE_CONTEXT,literature_candidate_pending_manual_review,False,False,True,False,summary only until reviewed,False,PENDING_MANUAL_REVIEW,"regional context candidate, not training data",Use only after manual extraction/verification of prevalence values; never as patient-level data.
LIT_Brazil_41624150,Clinically relevant somatic variants and genomic discordance between primary tumors and mediastinal lymph nodes in lung adenocarcinoma.,Brazil,REGIONAL_PREVALENCE_CONTEXT,literature_candidate_pending_manual_review,False,False,True,False,summary only until reviewed,False,PENDING_MANUAL_REVIEW,"regional context candidate, not training data",Use only after manual extraction/verification of prevalence values; never as patient-level data.
LIT_Brazil_41626155,Favorable response to third-generation TKI furmonertinib in a patient with early-stage non-small cell lung cancer​ harboring rare compound EGFR mutations: Exon 18 G719C and Exon 20 S768I - A Case Report.,Brazil,REGIONAL_PREVALENCE_CONTEXT,literature_candidate_pending_manual_review,False,False,True,False,summary only until reviewed,False,PENDING_MANUAL_REVIEW,"regional context candidate, not training data",Use only after manual extraction/verification of prevalence values; never as patient-level data.
LIT_Brazil_41480531,A case report of neoadjuvant targeted therapy in stage IIIA non-small cell lung cancer with &lt;i&gt;BRAF V600E&lt;/i&gt; mutation.,Brazil,REGIONAL_PREVALENCE_CONTEXT,literature_candidate_pending_manual_review,False,False,True,False,summary only until reviewed,False,PENDING_MANUAL_REVIEW,"regional context candidate, not training data",Use only after manual extraction/verification of prevalence values; never as patient-level data.
LIT_Brazil_41071680,Feasibility of a ctDNA multigenic panel for non-small-cell lung cancer early detection and disease surveillance.,Brazil,REGIONAL_PREVALENCE_CONTEXT,literature_candidate_pending_manual_review,False,False,True,False,summary only until reviewed,False,PENDING_MANUAL_REVIEW,"regional context candidate, not training data",Use only after manual extraction/verification of prevalence values; never as patient-level data.
LIT_Brazil_41538756,"Prevalence of Genomic Alterations in &lt;i&gt;EGFR&lt;/i&gt;, &lt;i&gt;KRAS&lt;/i&gt;, &lt;i&gt;NRAS&lt;/i&gt;, and &lt;i&gt;BRAF&lt;/i&gt; Among Early-Stage Nonsquamous Non-Small Cell Lung Cancer in Brazil.",Brazil,REGIONAL_PREVALENCE_CONTEXT,literature_candidate_pending_manual_review,False,False,True,False,summary only until reviewed,False,PENDING_MANUAL_REVIEW,"regional context candidate, not training data",Use only after manual extraction/verification of prevalence values; never as patient-level data.
LIT_Brazil_41694159,Evolving treatment strategies for EGFRex20ins-mutated NSCLC: a comprehensive review of Amivantamab's role and future directions.,Brazil,REGIONAL_PREVALENCE_CONTEXT,literature_candidate_pending_manual_review,False,False,True,False,summary only until reviewed,False,PENDING_MANUAL_REVIEW,"regional context candidate, not training data",Use only after manual extraction/verification of prevalence values; never as patient-level data.
LIT_Brazil_41660472,First-line treatment strategies for &lt;i&gt;BRAF&lt;/i&gt;-V600E mutated non-small cell lung cancer: lessons from real-world data and ongoing uncertainties.,Brazil,REGIONAL_PREVALENCE_CONTEXT,literature_candidate_pending_manual_review,False,False,True,False,summary only until reviewed,False,PENDING_MANUAL_REVIEW,"regional context candidate, not training data",Use only after manual extraction/verification of prevalence values; never as patient-level data.
LIT_China_41907614,&lt;i&gt;FGFR3-TACC3&lt;/i&gt; fusion as a potential primary resistance mechanism to EGFR-TKI in lung adenocarcinoma harboring co-driven mutations: a case report.,China,REGIONAL_PREVALENCE_CONTEXT,literature_candidate_pending_manual_review,False,False,True,False,summary only until reviewed,False,PENDING_MANUAL_REVIEW,"regional context candidate, not training data",Use only after manual extraction/verification of prevalence values; never as patient-level data.
LIT_China_42063689,Analysis of Somatic Mutations and Immunotherapy Biomarkers in Chinese Patients With Non-Small Cell Lung Cancer During 2019-2024: A Retrospective Study.,China,REGIONAL_PREVALENCE_CONTEXT,literature_candidate_pending_manual_review,False,False,True,False,summary only until reviewed,False,PENDING_MANUAL_REVIEW,"regional context candidate, not training data",Use only after manual extraction/verification of prevalence values; never as patient-level data.
LIT_China_42078618,Lung squamous cell carcinoma with germline EGFR P848L mutation: a case report.,China,REGIONAL_PREVALENCE_CONTEXT,literature_candidate_pending_manual_review,False,False,True,False,summary only until reviewed,False,PENDING_MANUAL_REVIEW,"regional context candidate, not training data",Use only after manual extraction/verification of prevalence values; never as patient-level data.
LIT_China_42170267,The IASLC grading system as a predictor for EGFR-TKI therapy in patients with &lt;i&gt;EGFR&lt;/i&gt;-mutant lung adenocarcinoma.,China,REGIONAL_PREVALENCE_CONTEXT,literature_candidate_pending_manual_review,False,False,True,False,summary only until reviewed,False,PENDING_MANUAL_REVIEW,"regional context candidate, not training data",Use only after manual extraction/verification of prevalence values; never as patient-level data.
LIT_China_42170792,"Efficacy and safety of first-line osimertinib in Chinese patients with EGFR-mutated advanced non-small cell lung cancer: a prospective, multicenter, non-interventional study (FLOURISH).",China,REGIONAL_PREVALENCE_CONTEXT,literature_candidate_pending_manual_review,False,False,True,False,summary only until reviewed,False,PENDING_MANUAL_REVIEW,"regional context candidate, not training data",Use only after manual extraction/verification of prevalence values; never as patient-level data.
LIT_China_42201505,Crizotinib or vebreltinib response and resistance in advanced non-small cell lung cancer with MET exon 14 skipping.,China,REGIONAL_PREVALENCE_CONTEXT,literature_candidate_pending_manual_review,False,False,True,False,summary only until reviewed,False,PENDING_MANUAL_REVIEW,"regional context candidate, not training data",Use only after manual extraction/verification of prevalence values; never as patient-level data.
LIT_China_42123577,Coordinated Multicellular Immune Programs and Drug Targets Revealed by Single-Cell Analysis in Driver-Mutated NSCLC.,China,REGIONAL_PREVALENCE_CONTEXT,literature_candidate_pending_manual_review,False,False,True,False,summary only until reviewed,False,PENDING_MANUAL_REVIEW,"regional context candidate, not training data",Use only after manual extraction/verification of prevalence values; never as patient-level data.
LIT_China_42164113,Dacomitinib in Combination with chemotherapy is effective in lung adenocarcinoma with rare &lt;i&gt;EGFR&lt;/i&gt; L747P mutation and bone metastases: a case report.,China,REGIONAL_PREVALENCE_CONTEXT,literature_candidate_pending_manual_review,False,False,True,False,summary only until reviewed,False,PENDING_MANUAL_REVIEW,"regional context candidate, not training data",Use only after manual extraction/verification of prevalence values; never as patient-level data.
LIT_China_42181867,Response to crizotinib treatment for ROS1 p.H1999N mutation and secondary EGFR p.V774M mutation after drug resistance: a Case Report.,China,REGIONAL_PREVALENCE_CONTEXT,literature_candidate_pending_manual_review,False,False,True,False,summary only until reviewed,False,PENDING_MANUAL_REVIEW,"regional context candidate, not training data",Use only after manual extraction/verification of prevalence values; never as patient-level data.
LIT_China_42222664,Initial Low-Dose Dacomitinib for First-Line Treatment of Patients With EGFR Exon 21-Mutated Non-Small-Cell Lung Cancer.,China,REGIONAL_PREVALENCE_CONTEXT,literature_candidate_pending_manual_review,False,False,True,False,summary only until reviewed,False,PENDING_MANUAL_REVIEW,"regional context candidate, not training data",Use only after manual extraction/verification of prevalence values; never as patient-level data.
LIT_China_41863042,Coronavirus disease 2019 infection reduces EGFR-TKI efficacy in non-small cell lung carcinoma: Real-world evidence from a multicenter propensity-matched cohort.,China,REGIONAL_PREVALENCE_CONTEXT,literature_candidate_pending_manual_review,False,False,True,False,summary only until reviewed,False,PENDING_MANUAL_REVIEW,"regional context candidate, not training data",Use only after manual extraction/verification of prevalence values; never as patient-level data.
LIT_China_42205749,Case Report: Personalized treatment in an advanced lung adenocarcinoma patient with EGFR exon 21 L858R mutations based on the patient-derived tumor organoids.,China,REGIONAL_PREVALENCE_CONTEXT,literature_candidate_pending_manual_review,False,False,True,False,summary only until reviewed,False,PENDING_MANUAL_REVIEW,"regional context candidate, not training data",Use only after manual extraction/verification of prevalence values; never as patient-level data.
LIT_China_42163810,Identification of Key Genes and Clinical Feature Analyses of Epidermal Growth Factor Receptor Mutations in Lung Adenocarcinoma.,China,REGIONAL_PREVALENCE_CONTEXT,literature_candidate_pending_manual_review,False,False,True,False,summary only until reviewed,False,PENDING_MANUAL_REVIEW,"regional context candidate, not training data",Use only after manual extraction/verification of prevalence values; never as patient-level data.
LIT_China_42152346,"Prediction of ALK, EGFR and KRAS mutations in lung adenocarcinoma based on PET/CT radiomics by cluster and synthetic minority over-sampling technique.",China,REGIONAL_PREVALENCE_CONTEXT,literature_candidate_pending_manual_review,False,False,True,False,summary only until reviewed,False,PENDING_MANUAL_REVIEW,"regional context candidate, not training data",Use only after manual extraction/verification of prevalence values; never as patient-level data.
LIT_China_42185471,Optimal treatment strategies for EGFR mutant advanced lung adenocarcinoma patients with targeted therapy resistance and correlation analysis of PD-L1 expression with ICI efficacy.,China,REGIONAL_PREVALENCE_CONTEXT,literature_candidate_pending_manual_review,False,False,True,False,summary only until reviewed,False,PENDING_MANUAL_REVIEW,"regional context candidate, not training data",Use only after manual extraction/verification of prevalence values; never as patient-level data.
LIT_China_42068110,Age-Associated Targetable Genomic Alterations and PD-L1 Expression in 2509 Patients With Pulmonary Ground-Glass Opacities.,China,REGIONAL_PREVALENCE_CONTEXT,literature_candidate_pending_manual_review,False,False,True,False,summary only until reviewed,False,PENDING_MANUAL_REVIEW,"regional context candidate, not training data",Use only after manual extraction/verification of prevalence values; never as patient-level data.
LIT_China_42125158,Pulmonary Cryptococcal Infection Complicating Gefitinib Therapy in a Patient With EGFR L858R-Positive Lung Adenocarcinoma: A Case Report.,China,REGIONAL_PREVALENCE_CONTEXT,literature_candidate_pending_manual_review,False,False,True,False,summary only until reviewed,False,PENDING_MANUAL_REVIEW,"regional context candidate, not training data",Use only after manual extraction/verification of prevalence values; never as patient-level data.
LIT_Egypt_40729086,Predictive and Prognostic Significance of Serum Neuron-Specific Enolase in Patients with Metastatic Non-Small Cell Lung Cancer Receiving Gefitinib: A Prospective Study from South Egypt Cancer Institute.,Egypt,REGIONAL_PREVALENCE_CONTEXT,literature_candidate_pending_manual_review,False,False,True,False,summary only until reviewed,False,PENDING_MANUAL_REVIEW,"regional context candidate, not training data",Use only after manual extraction/verification of prevalence values; never as patient-level data.
LIT_Egypt_40927306,Prevalence of Molecular Mutations in Non-Small Cell Lung Cancer and Current Treatment Approaches in the MENA Region: Systematic Review and Expert Opinion.,Egypt,REGIONAL_PREVALENCE_CONTEXT,literature_candidate_pending_manual_review,False,False,True,False,summary only until reviewed,False,PENDING_MANUAL_REVIEW,"regional context candidate, not training data",Use only after manual extraction/verification of prevalence values; never as patient-level data.
LIT_Egypt_40653556,"Non-small cell lung cancer (NSCLC): characteristics, risk factors, molecular profile patterns, and treatment - a retrospective cohort study from Palestine.",Egypt,REGIONAL_PREVALENCE_CONTEXT,literature_candidate_pending_manual_review,False,False,True,False,summary only until reviewed,False,PENDING_MANUAL_REVIEW,"regional context candidate, not training data",Use only after manual extraction/verification of prevalence values; never as patient-level data.
LIT_Egypt_41282608,Anlotinib added to third generation EGFR tyrosine kinase inhibitor therapy for advanced NSCLC patients with oligo-progression: a retrospective study (ALTER-L058).,Egypt,REGIONAL_PREVALENCE_CONTEXT,literature_candidate_pending_manual_review,False,False,True,False,summary only until reviewed,False,PENDING_MANUAL_REVIEW,"regional context candidate, not training data",Use only after manual extraction/verification of prevalence values; never as patient-level data.
LIT_Egypt_41934916,Synergistic effects through targeting the PI3K and IGFR pathways in treating lung cancer carrying activation alterations along the PI3K pathway.,Egypt,REGIONAL_PREVALENCE_CONTEXT,literature_candidate_pending_manual_review,False,False,True,False,summary only until reviewed,False,PENDING_MANUAL_REVIEW,"regional context candidate, not training data",Use only after manual extraction/verification of prevalence values; never as patient-level data.
LIT_Egypt_41048344,Key genes associated with brain metastasis in non-small cell lung cancer: novel insights from bioinformatics analysis.,Egypt,REGIONAL_PREVALENCE_CONTEXT,literature_candidate_pending_manual_review,False,False,True,False,summary only until reviewed,False,PENDING_MANUAL_REVIEW,"regional context candidate, not training data",Use only after manual extraction/verification of prevalence values; never as patient-level data.
LIT_Egypt_41327362,Clinical significance of HPV DNA and EGFR mutations in Egyptian NSCLC.,Egypt,REGIONAL_PREVALENCE_CONTEXT,literature_candidate_pending_manual_review,False,False,True,False,summary only until reviewed,False,PENDING_MANUAL_REVIEW,"regional context candidate, not training data",Use only after manual extraction/verification of prevalence values; never as patient-level data.
LIT_Egypt_41471277,Broad-Spectrum RAS Inhibition in Pancreatic Ductal Adenocarcinoma: Mechanistic Advances and Therapeutic Promise.,Egypt,REGIONAL_PREVALENCE_CONTEXT,literature_candidate_pending_manual_review,False,False,True,False,summary only until reviewed,False,PENDING_MANUAL_REVIEW,"regional context candidate, not training data",Use only after manual extraction/verification of prevalence values; never as patient-level data.
LIT_Egypt_42194957,Clinical Applications of Liquid Biopsy in Colorectal Cancer: A Focus on Registered Clinical Trials.,Egypt,REGIONAL_PREVALENCE_CONTEXT,literature_candidate_pending_manual_review,False,False,True,False,summary only until reviewed,False,PENDING_MANUAL_REVIEW,"regional context candidate, not training data",Use only after manual extraction/verification of prevalence values; never as patient-level data.
LIT_Egypt_43,Development of a multi-targeted sulfonyl-bridged bisselenadiazole derivative as a potent EGFR/PI3K/AKT/mTOR modulator in lung adenocarcinoma,Egypt,REGIONAL_PREVALENCE_CONTEXT,literature_candidate_pending_manual_review,False,False,True,False,summary only until reviewed,False,PENDING_MANUAL_REVIEW,"regional context candidate, not training data",Use only after manual extraction/verification of prevalence values; never as patient-level data.
LIT_Egypt_42096170,Genetic influence of PPAR-γ rs1801282 and MTRR rs162036 variants on non-small cell lung cancer risk in Egyptians.,Egypt,REGIONAL_PREVALENCE_CONTEXT,literature_candidate_pending_manual_review,False,False,True,False,summary only until reviewed,False,PENDING_MANUAL_REVIEW,"regional context candidate, not training data",Use only after manual extraction/verification of prevalence values; never as patient-level data.
LIT_Egypt_40740271,Rare Case of Duodenal Metastasis From Colon Cancer: Review of Literature and Insights on Novel Therapies.,Egypt,REGIONAL_PREVALENCE_CONTEXT,literature_candidate_pending_manual_review,False,False,True,False,summary only until reviewed,False,PENDING_MANUAL_REVIEW,"regional context candidate, not training data",Use only after manual extraction/verification of prevalence values; never as patient-level data.
LIT_France_42158415,High prevalence of targetable drivers but poor outcomes in lung adenocarcinoma: a real-world cohort from the French West Indies.,France,REGIONAL_PREVALENCE_CONTEXT,literature_candidate_pending_manual_review,False,False,True,False,summary only until reviewed,False,PENDING_MANUAL_REVIEW,"regional context candidate, not training data",Use only after manual extraction/verification of prevalence values; never as patient-level data.
LIT_France_41659723,Brain metastases from non-small cell lung cancer: molecular subtypes and emerging CNS-directed precision therapies.,France,REGIONAL_PREVALENCE_CONTEXT,literature_candidate_pending_manual_review,False,False,True,False,summary only until reviewed,False,PENDING_MANUAL_REVIEW,"regional context candidate, not training data",Use only after manual extraction/verification of prevalence values; never as patient-level data.
LIT_France_41619151,First Line and Treatment Sequencing in EGFR-Mutated Metastatic NSCLC: What is Right for Which Patient?,France,REGIONAL_PREVALENCE_CONTEXT,literature_candidate_pending_manual_review,False,False,True,False,summary only until reviewed,False,PENDING_MANUAL_REVIEW,"regional context candidate, not training data",Use only after manual extraction/verification of prevalence values; never as patient-level data.
LIT_France_41930305,Automated extraction of temporalized tumor evolution from oncology EMRs using natural language processing.,France,REGIONAL_PREVALENCE_CONTEXT,literature_candidate_pending_manual_review,False,False,True,False,summary only until reviewed,False,PENDING_MANUAL_REVIEW,"regional context candidate, not training data",Use only after manual extraction/verification of prevalence values; never as patient-level data.
LIT_France_41671632,Genomic landscape of stage 0-IA lung adenocarcinoma identified by on-site reflex targeted NGS.,France,REGIONAL_PREVALENCE_CONTEXT,literature_candidate_pending_manual_review,False,False,True,False,summary only until reviewed,False,PENDING_MANUAL_REVIEW,"regional context candidate, not training data",Use only after manual extraction/verification of prevalence values; never as patient-level data.
LIT_France_41170454,Case Report: Trametinib in the treatment of patients with metastatic lung adenocarcinoma harboring &lt;i&gt;NF1&lt;/i&gt; mutation: a case series and literature review.,France,REGIONAL_PREVALENCE_CONTEXT,literature_candidate_pending_manual_review,False,False,True,False,summary only until reviewed,False,PENDING_MANUAL_REVIEW,"regional context candidate, not training data",Use only after manual extraction/verification of prevalence values; never as patient-level data.
LIT_France_41211715,Deep Learning Predicts EGFR Mutation Status from Histology Images in Non-Small Cell Lung Cancer.,France,REGIONAL_PREVALENCE_CONTEXT,literature_candidate_pending_manual_review,False,False,True,False,summary only until reviewed,False,PENDING_MANUAL_REVIEW,"regional context candidate, not training data",Use only after manual extraction/verification of prevalence values; never as patient-level data.
LIT_France_42170257,Prolonged complete metabolic response to chemotherapy combined with amivantamab with high grade cutaneous toxicity after osimertinib resistance in an uncommon &lt;i&gt;T751_I759delinsAsp&lt;/i&gt; &lt;i&gt;EGFR&lt;/i&gt;-mutant lung adenocarcinoma: a case report.,France,REGIONAL_PREVALENCE_CONTEXT,literature_candidate_pending_manual_review,False,False,True,False,summary only until reviewed,False,PENDING_MANUAL_REVIEW,"regional context candidate, not training data",Use only after manual extraction/verification of prevalence values; never as patient-level data.
LIT_France_41686417,Real-World Clinical Outcomes and Treatment Patterns in Advanced/Metastatic EGFR-Mutant NSCLC After Progression on First-Line Osimertinib for French Patients.,France,REGIONAL_PREVALENCE_CONTEXT,literature_candidate_pending_manual_review,False,False,True,False,summary only until reviewed,False,PENDING_MANUAL_REVIEW,"regional context candidate, not training data",Use only after manual extraction/verification of prevalence values; never as patient-level data.
LIT_France_41907704,Osimertinib for Patients With EGFR-Mutated Non-Small Cell Lung Cancer: Current Evidence.,France,REGIONAL_PREVALENCE_CONTEXT,literature_candidate_pending_manual_review,False,False,True,False,summary only until reviewed,False,PENDING_MANUAL_REVIEW,"regional context candidate, not training data",Use only after manual extraction/verification of prevalence values; never as patient-level data.
LIT_France_41691060,Sortilin exhibits tumor suppressor-like activity by limiting EGFR transduction function.,France,REGIONAL_PREVALENCE_CONTEXT,literature_candidate_pending_manual_review,False,False,True,False,summary only until reviewed,False,PENDING_MANUAL_REVIEW,"regional context candidate, not training data",Use only after manual extraction/verification of prevalence values; never as patient-level data.
LIT_France_41681945,"Radiological, Radiomics, and Metastatic Patterns Associated with Targetable Oncogenic Drivers on CT-Scan of Newly Diagnosed NSCLC Patients: A Comprehensive Radiogenomics Review.",France,REGIONAL_PREVALENCE_CONTEXT,literature_candidate_pending_manual_review,False,False,True,False,summary only until reviewed,False,PENDING_MANUAL_REVIEW,"regional context candidate, not training data",Use only after manual extraction/verification of prevalence values; never as patient-level data.
LIT_Germany_41595141,Molecular Pathology of Advanced NSCLC: Biomarkers and Therapeutic Decisions.,Germany,REGIONAL_PREVALENCE_CONTEXT,literature_candidate_pending_manual_review,False,False,True,False,summary only until reviewed,False,PENDING_MANUAL_REVIEW,"regional context candidate, not training data",Use only after manual extraction/verification of prevalence values; never as patient-level data.
LIT_Germany_41387924,"Prognostic Implications of SMARCA4, ARID1A, and Other BAF Mutations in Non-Small Cell Lung Cancer.",Germany,REGIONAL_PREVALENCE_CONTEXT,literature_candidate_pending_manual_review,False,False,True,False,summary only until reviewed,False,PENDING_MANUAL_REVIEW,"regional context candidate, not training data",Use only after manual extraction/verification of prevalence values; never as patient-level data.
LIT_Germany_42187561,A Case of Primary &lt;i&gt;EGFR&lt;/i&gt; T790M Mutation in Treatment-Naïve Advanced NSCLC: Clinical and Molecular Implications.,Germany,REGIONAL_PREVALENCE_CONTEXT,literature_candidate_pending_manual_review,False,False,True,False,summary only until reviewed,False,PENDING_MANUAL_REVIEW,"regional context candidate, not training data",Use only after manual extraction/verification of prevalence values; never as patient-level data.
LIT_Germany_42055889,"A Retrospective, Multicenter Analysis Within the National Network Genomic Medicine Lung Cancer in Germany to Detect RET Fusions as a Possible Mechanism of Resistance in Patients With EGFR Mutations.",Germany,REGIONAL_PREVALENCE_CONTEXT,literature_candidate_pending_manual_review,False,False,True,False,summary only until reviewed,False,PENDING_MANUAL_REVIEW,"regional context candidate, not training data",Use only after manual extraction/verification of prevalence values; never as patient-level data.
LIT_Germany_41310499,Prevalence and therapeutic response of EGFR T790I mutation in NSCLC patients with acquired resistance to EGFR-TKIs: a retrospective cohort study.,Germany,REGIONAL_PREVALENCE_CONTEXT,literature_candidate_pending_manual_review,False,False,True,False,summary only until reviewed,False,PENDING_MANUAL_REVIEW,"regional context candidate, not training data",Use only after manual extraction/verification of prevalence values; never as patient-level data.
LIT_Germany_41942607,Furmonertinib combined with bevacizumab in EGFR-TKI-resistant leptomeningeal metastasis: analysis of the CSF ctDNA molecular response and survival outcomes.,Germany,REGIONAL_PREVALENCE_CONTEXT,literature_candidate_pending_manual_review,False,False,True,False,summary only until reviewed,False,PENDING_MANUAL_REVIEW,"regional context candidate, not training data",Use only after manual extraction/verification of prevalence values; never as patient-level data.
LIT_Germany_41529505,Mutational landscape of lung adenocarcinoma in Czechia.,Germany,REGIONAL_PREVALENCE_CONTEXT,literature_candidate_pending_manual_review,False,False,True,False,summary only until reviewed,False,PENDING_MANUAL_REVIEW,"regional context candidate, not training data",Use only after manual extraction/verification of prevalence values; never as patient-level data.
LIT_Germany_42106797,"CASK promotes non-small cell lung cancer growth through coordinated regulation of EGFR expression, trafficking, and p21 expression.",Germany,REGIONAL_PREVALENCE_CONTEXT,literature_candidate_pending_manual_review,False,False,True,False,summary only until reviewed,False,PENDING_MANUAL_REVIEW,"regional context candidate, not training data",Use only after manual extraction/verification of prevalence values; never as patient-level data.
LIT_Germany_41771797,Clinicopathological characteristics of patients with inoperable non-small cell lung cancer harboring circulating NRF2 pathway mutations.,Germany,REGIONAL_PREVALENCE_CONTEXT,literature_candidate_pending_manual_review,False,False,True,False,summary only until reviewed,False,PENDING_MANUAL_REVIEW,"regional context candidate, not training data",Use only after manual extraction/verification of prevalence values; never as patient-level data.
LIT_Germany_42157246,Outcome of patients with lung cancer treated with stereotactic body radiotherapy for bone oligometastases - a European multicenter cohort study.,Germany,REGIONAL_PREVALENCE_CONTEXT,literature_candidate_pending_manual_review,False,False,True,False,summary only until reviewed,False,PENDING_MANUAL_REVIEW,"regional context candidate, not training data",Use only after manual extraction/verification of prevalence values; never as patient-level data.
LIT_Germany_42030491,Sensitive Detection of Epidermal Growth Factor in Lung Cancer Patients by Electrochemical Biosensors.,Germany,REGIONAL_PREVALENCE_CONTEXT,literature_candidate_pending_manual_review,False,False,True,False,summary only until reviewed,False,PENDING_MANUAL_REVIEW,"regional context candidate, not training data",Use only after manual extraction/verification of prevalence values; never as patient-level data.
LIT_Germany_42093990,"Rewiring the immune response in lung cancer: current progress in bispecific antibodies, CAR-T therapy, and the rise of &lt;i&gt;in vivo&lt;/i&gt; CAR-T platforms.",Germany,REGIONAL_PREVALENCE_CONTEXT,literature_candidate_pending_manual_review,False,False,True,False,summary only until reviewed,False,PENDING_MANUAL_REVIEW,"regional context candidate, not training data",Use only after manual extraction/verification of prevalence values; never as patient-level data.
LIT_Germany_42062619,Genetic characteristics and targeted treatments of primary bladder and urachal adenocarcinomas: a systematic review with pooled descriptive genomic analyses.,Germany,REGIONAL_PREVALENCE_CONTEXT,literature_candidate_pending_manual_review,False,False,True,False,summary only until reviewed,False,PENDING_MANUAL_REVIEW,"regional context candidate, not training data",Use only after manual extraction/verification of prevalence values; never as patient-level data.
LIT_Germany_42017975,Artificial intelligence construction: a review of the bridge between CT imaging features of lung ground-glass nodules adenocarcinoma and carcinogenic driver genes.,Germany,REGIONAL_PREVALENCE_CONTEXT,literature_candidate_pending_manual_review,False,False,True,False,summary only until reviewed,False,PENDING_MANUAL_REVIEW,"regional context candidate, not training data",Use only after manual extraction/verification of prevalence values; never as patient-level data.
LIT_India_42109065,Impact of EGFR Mutations on Survival and Clinical Response in Non-Small Cell Lung Cancer in a Tertiary Care Hospital.,India,REGIONAL_PREVALENCE_CONTEXT,literature_candidate_pending_manual_review,False,False,True,False,summary only until reviewed,False,PENDING_MANUAL_REVIEW,"regional context candidate, not training data",Use only after manual extraction/verification of prevalence values; never as patient-level data.
LIT_India_42051259,Case Report: A successful rechallenge with aumolertinib after osimertinib-induced severe interstitial lung disease.,India,REGIONAL_PREVALENCE_CONTEXT,literature_candidate_pending_manual_review,False,False,True,False,summary only until reviewed,False,PENDING_MANUAL_REVIEW,"regional context candidate, not training data",Use only after manual extraction/verification of prevalence values; never as patient-level data.
LIT_India_41479892,Case Report: Ivonescimab in EGFR-mutant lung cancer with baseline malignant pleural effusion and acquired complex resistance.,India,REGIONAL_PREVALENCE_CONTEXT,literature_candidate_pending_manual_review,False,False,True,False,summary only until reviewed,False,PENDING_MANUAL_REVIEW,"regional context candidate, not training data",Use only after manual extraction/verification of prevalence values; never as patient-level data.
LIT_India_42131879,Pattern of resistance on first-line EGFR-directed therapy in EGFR-positive metastatic NSCLC.,India,REGIONAL_PREVALENCE_CONTEXT,literature_candidate_pending_manual_review,False,False,True,False,summary only until reviewed,False,PENDING_MANUAL_REVIEW,"regional context candidate, not training data",Use only after manual extraction/verification of prevalence values; never as patient-level data.
LIT_India_41988621,Incidence and Radiological Spectrum of Interstitial Lung Disease in Patients With Lung Cancer Treated With Tyrosine Kinase Inhibitors: A Single-Center Observational Study.,India,REGIONAL_PREVALENCE_CONTEXT,literature_candidate_pending_manual_review,False,False,True,False,summary only until reviewed,False,PENDING_MANUAL_REVIEW,"regional context candidate, not training data",Use only after manual extraction/verification of prevalence values; never as patient-level data.
LIT_India_41793689,Genomic Analysis and Clinical Correlation of Non-Small Cell Lung Cancer with Special Reference to Brain Metastasis.,India,REGIONAL_PREVALENCE_CONTEXT,literature_candidate_pending_manual_review,False,False,True,False,summary only until reviewed,False,PENDING_MANUAL_REVIEW,"regional context candidate, not training data",Use only after manual extraction/verification of prevalence values; never as patient-level data.
LIT_India_41975817,Investigation of the Prevalence of Associated Genetic Mutations (Co-Mutations) in Patients with Actionable Driver Mutations in Lung Cancer: A Retrospective Study.,India,REGIONAL_PREVALENCE_CONTEXT,literature_candidate_pending_manual_review,False,False,True,False,summary only until reviewed,False,PENDING_MANUAL_REVIEW,"regional context candidate, not training data",Use only after manual extraction/verification of prevalence values; never as patient-level data.
LIT_India_42074236,Decoding Prognostic Signatures in Brain Metastatic Non-Small-Cell Lung Cancer via Integrated Multi-Omics and Network Analysis.,India,REGIONAL_PREVALENCE_CONTEXT,literature_candidate_pending_manual_review,False,False,True,False,summary only until reviewed,False,PENDING_MANUAL_REVIEW,"regional context candidate, not training data",Use only after manual extraction/verification of prevalence values; never as patient-level data.
LIT_India_42206169,The combination of osimertinib and chemotherapy successfully enabled surgical resection of locally advanced lung adenocarcinoma: a Case Report.,India,REGIONAL_PREVALENCE_CONTEXT,literature_candidate_pending_manual_review,False,False,True,False,summary only until reviewed,False,PENDING_MANUAL_REVIEW,"regional context candidate, not training data",Use only after manual extraction/verification of prevalence values; never as patient-level data.
LIT_India_41825247,Three years of chemotherapy tolerance with concurrent Ayurvedic treatment in a metastatic lung adenocarcinoma: A case report.,India,REGIONAL_PREVALENCE_CONTEXT,literature_candidate_pending_manual_review,False,False,True,False,summary only until reviewed,False,PENDING_MANUAL_REVIEW,"regional context candidate, not training data",Use only after manual extraction/verification of prevalence values; never as patient-level data.
LIT_Italy_41933854,The role of germline mutations in non-small cell lung cancer: A systematic review of emerging genetic drivers and clinical implications.,Italy,REGIONAL_PREVALENCE_CONTEXT,literature_candidate_pending_manual_review,False,False,True,False,summary only until reviewed,False,PENDING_MANUAL_REVIEW,"regional context candidate, not training data",Use only after manual extraction/verification of prevalence values; never as patient-level data.
LIT_Italy_41682625,The Effects of Variant Allele Frequency for EGFR Mutation on Early Tumor Shrinkage and Deepness of Response to Osimertinib in Patients with Metastatic Non-Small Cell Lung Cancer: An Exploratory Analysis.,Italy,REGIONAL_PREVALENCE_CONTEXT,literature_candidate_pending_manual_review,False,False,True,False,summary only until reviewed,False,PENDING_MANUAL_REVIEW,"regional context candidate, not training data",Use only after manual extraction/verification of prevalence values; never as patient-level data.
LIT_Italy_41555859,Actionable driver gene alterations in early-stage non-small cell lung cancer: a review.,Italy,REGIONAL_PREVALENCE_CONTEXT,literature_candidate_pending_manual_review,False,False,True,False,summary only until reviewed,False,PENDING_MANUAL_REVIEW,"regional context candidate, not training data",Use only after manual extraction/verification of prevalence values; never as patient-level data.
LIT_Italy_42079860,"The evolving landscape of first-line and subsequent therapies in &lt;i&gt;EGFR&lt;/i&gt;-mutated NSCLC: efficacy, resistance, and tolerability.",Italy,REGIONAL_PREVALENCE_CONTEXT,literature_candidate_pending_manual_review,False,False,True,False,summary only until reviewed,False,PENDING_MANUAL_REVIEW,"regional context candidate, not training data",Use only after manual extraction/verification of prevalence values; never as patient-level data.
LIT_Italy_42100320,Non-small cell lung cancer after EGFR-TKI resistance: from drug resistance mechanisms to precision interventions.,Italy,REGIONAL_PREVALENCE_CONTEXT,literature_candidate_pending_manual_review,False,False,True,False,summary only until reviewed,False,PENDING_MANUAL_REVIEW,"regional context candidate, not training data",Use only after manual extraction/verification of prevalence values; never as patient-level data.
LIT_Italy_41977137,Longitudinal Whole-Exome Sequencing of Cell-Free DNA Reveals Molecular Evolution and Heterogeneous Clinical Outcomes in PD-L1 Stratified Advanced NSCLC Adenocarcinoma Patients Treated with Atezolizumab.,Italy,REGIONAL_PREVALENCE_CONTEXT,literature_candidate_pending_manual_review,False,False,True,False,summary only until reviewed,False,PENDING_MANUAL_REVIEW,"regional context candidate, not training data",Use only after manual extraction/verification of prevalence values; never as patient-level data.
LIT_Italy_41780641,Osimertinib plus datopotamab deruxtecan in patients with EGFR-mutated advanced NSCLC after progression on first-line osimertinib: ORCHARD.,Italy,REGIONAL_PREVALENCE_CONTEXT,literature_candidate_pending_manual_review,False,False,True,False,summary only until reviewed,False,PENDING_MANUAL_REVIEW,"regional context candidate, not training data",Use only after manual extraction/verification of prevalence values; never as patient-level data.
LIT_Italy_41971422,Case Report: Olaparib combined with temozolomide and atezolizumab in a case of &lt;i&gt;BRCA2&lt;/i&gt;-mutated small-cell transformation of lung adenocarcinoma.,Italy,REGIONAL_PREVALENCE_CONTEXT,literature_candidate_pending_manual_review,False,False,True,False,summary only until reviewed,False,PENDING_MANUAL_REVIEW,"regional context candidate, not training data",Use only after manual extraction/verification of prevalence values; never as patient-level data.
LIT_Italy_42095156,Radiogenomic approach combining CT-based radiomics and liquid biopsy improves prognostic stratification in patients with advanced NSCLC.,Italy,REGIONAL_PREVALENCE_CONTEXT,literature_candidate_pending_manual_review,False,False,True,False,summary only until reviewed,False,PENDING_MANUAL_REVIEW,"regional context candidate, not training data",Use only after manual extraction/verification of prevalence values; never as patient-level data.
LIT_Italy_41898505,Oligoprogression in NSCLC with Other Actionable Oncogenic Drivers Beyond EGFR and ALK: An Emerging Entity.,Italy,REGIONAL_PREVALENCE_CONTEXT,literature_candidate_pending_manual_review,False,False,True,False,summary only until reviewed,False,PENDING_MANUAL_REVIEW,"regional context candidate, not training data",Use only after manual extraction/verification of prevalence values; never as patient-level data.
LIT_Italy_42081971,Surgical management of the primary tumor in stage M1a-IVA non-small cell lung cancer.,Italy,REGIONAL_PREVALENCE_CONTEXT,literature_candidate_pending_manual_review,False,False,True,False,summary only until reviewed,False,PENDING_MANUAL_REVIEW,"regional context candidate, not training data",Use only after manual extraction/verification of prevalence values; never as patient-level data.
LIT_Italy_41924607,BRAF class II-III mutations in NSCLC: a single center experience.,Italy,REGIONAL_PREVALENCE_CONTEXT,literature_candidate_pending_manual_review,False,False,True,False,summary only until reviewed,False,PENDING_MANUAL_REVIEW,"regional context candidate, not training data",Use only after manual extraction/verification of prevalence values; never as patient-level data.
LIT_Italy_41828557,&lt;i&gt;HER2&lt;/i&gt; Alterations in Non-Small Cell Lung Cancer: Emerging Perspectives on the Therapeutic Landscape.,Italy,REGIONAL_PREVALENCE_CONTEXT,literature_candidate_pending_manual_review,False,False,True,False,summary only until reviewed,False,PENDING_MANUAL_REVIEW,"regional context candidate, not training data",Use only after manual extraction/verification of prevalence values; never as patient-level data.
LIT_Italy_41714428,Peritoneal carcinomatosis in metastatic Non-Small Cell Lung Cancer: review of the literature.,Italy,REGIONAL_PREVALENCE_CONTEXT,literature_candidate_pending_manual_review,False,False,True,False,summary only until reviewed,False,PENDING_MANUAL_REVIEW,"regional context candidate, not training data",Use only after manual extraction/verification of prevalence values; never as patient-level data.
LIT_Japan_42090048,Epidemiology and Real-World Outcomes in Patients with Human Epidermal Growth Factor Receptor 2 (HER2)-Mutant Non-small Cell Lung Cancer by Region: A Targeted Literature Review.,Japan,REGIONAL_PREVALENCE_CONTEXT,literature_candidate_pending_manual_review,False,False,True,False,summary only until reviewed,False,PENDING_MANUAL_REVIEW,"regional context candidate, not training data",Use only after manual extraction/verification of prevalence values; never as patient-level data.
LIT_Japan_42205705,Initial biomarker testing strategies and clinical outcomes in advanced non-small cell lung cancer.,Japan,REGIONAL_PREVALENCE_CONTEXT,literature_candidate_pending_manual_review,False,False,True,False,summary only until reviewed,False,PENDING_MANUAL_REVIEW,"regional context candidate, not training data",Use only after manual extraction/verification of prevalence values; never as patient-level data.
LIT_Japan_42170286,TROP2 expression as a prognostic predictor for osimertinib in patients with &lt;i&gt;EGFR&lt;/i&gt;-mutant non-small cell lung cancer.,Japan,REGIONAL_PREVALENCE_CONTEXT,literature_candidate_pending_manual_review,False,False,True,False,summary only until reviewed,False,PENDING_MANUAL_REVIEW,"regional context candidate, not training data",Use only after manual extraction/verification of prevalence values; never as patient-level data.
LIT_Japan_42158804,A Durable Response to Low-Dose Afatinib After Progression on Osimertinib in Advanced Epidermal Growth Factor Receptor (EGFR) L861Q-Mutated Lung Adenocarcinoma: A Case Report.,Japan,REGIONAL_PREVALENCE_CONTEXT,literature_candidate_pending_manual_review,False,False,True,False,summary only until reviewed,False,PENDING_MANUAL_REVIEW,"regional context candidate, not training data",Use only after manual extraction/verification of prevalence values; never as patient-level data.
LIT_Japan_42180114,Case Report: Immune checkpoint inhibitor plus chemotherapy benefited an elderly patient with non-small cell lung cancer following EGFR-TKI resistance.,Japan,REGIONAL_PREVALENCE_CONTEXT,literature_candidate_pending_manual_review,False,False,True,False,summary only until reviewed,False,PENDING_MANUAL_REVIEW,"regional context candidate, not training data",Use only after manual extraction/verification of prevalence values; never as patient-level data.
LIT_Japan_42120295,Prognostic Value of EGFR Mutation Subtypes After Linac-Based Stereotactic Radiosurgery or Fractionated Stereotactic Radiotherapy for Brain Metastasis From EGFR-Mutated Non-Small Cell Lung Cancer.,Japan,REGIONAL_PREVALENCE_CONTEXT,literature_candidate_pending_manual_review,False,False,True,False,summary only until reviewed,False,PENDING_MANUAL_REVIEW,"regional context candidate, not training data",Use only after manual extraction/verification of prevalence values; never as patient-level data.
LIT_Japan_42033063,Efficacy of Osimertinib in Patients With Postoperative Recurrent Non-Small-Cell Lung Cancer Harboring Sensitizing EGFR Mutations.,Japan,REGIONAL_PREVALENCE_CONTEXT,literature_candidate_pending_manual_review,False,False,True,False,summary only until reviewed,False,PENDING_MANUAL_REVIEW,"regional context candidate, not training data",Use only after manual extraction/verification of prevalence values; never as patient-level data.
LIT_Japan_41687194,Biomarker analyses to predict benefit of immune checkpoint inhibitors for EGFR-mutated non-small cell lung cancer.,Japan,REGIONAL_PREVALENCE_CONTEXT,literature_candidate_pending_manual_review,False,False,True,False,summary only until reviewed,False,PENDING_MANUAL_REVIEW,"regional context candidate, not training data",Use only after manual extraction/verification of prevalence values; never as patient-level data.
LIT_Japan_42143548,Response to trastuzumab deruxtecan in postoperative recurrent lung adenocarcinoma harboring concurrent EGFR and HER2 mutations after progression on adjuvant osimertinib.,Japan,REGIONAL_PREVALENCE_CONTEXT,literature_candidate_pending_manual_review,False,False,True,False,summary only until reviewed,False,PENDING_MANUAL_REVIEW,"regional context candidate, not training data",Use only after manual extraction/verification of prevalence values; never as patient-level data.
LIT_Japan_42172559,Clinicogenomic Landscape of &lt;i&gt;MTAP&lt;/i&gt;-Deleted Thoracic Malignancies Across US and Japanese Nationwide Cohorts: Impact of Concurrent &lt;i&gt;CDKN2A&lt;/i&gt; Alterations and Driver Mutations.,Japan,REGIONAL_PREVALENCE_CONTEXT,literature_candidate_pending_manual_review,False,False,True,False,summary only until reviewed,False,PENDING_MANUAL_REVIEW,"regional context candidate, not training data",Use only after manual extraction/verification of prevalence values; never as patient-level data.
LIT_Japan_42022512,A Rare Case of Anti-Yo Antibody Positive Paraneoplastic Neurologic Syndromes With EGFR Mutation Positive Non-Small Cell Lung Cancer.,Japan,REGIONAL_PREVALENCE_CONTEXT,literature_candidate_pending_manual_review,False,False,True,False,summary only until reviewed,False,PENDING_MANUAL_REVIEW,"regional context candidate, not training data",Use only after manual extraction/verification of prevalence values; never as patient-level data.
LIT_Japan_41438805,Cancer-associated thromboses in non-small cell lung cancer patients with &lt;i&gt;epidermal growth factor receptor&lt;/i&gt; mutation.,Japan,REGIONAL_PREVALENCE_CONTEXT,literature_candidate_pending_manual_review,False,False,True,False,summary only until reviewed,False,PENDING_MANUAL_REVIEW,"regional context candidate, not training data",Use only after manual extraction/verification of prevalence values; never as patient-level data.
LIT_Japan_42002533,Pleomorphic Carcinoma With EGFR and Concomitant Mutations Transformed From Lung Adenocarcinoma: A Case Report.,Japan,REGIONAL_PREVALENCE_CONTEXT,literature_candidate_pending_manual_review,False,False,True,False,summary only until reviewed,False,PENDING_MANUAL_REVIEW,"regional context candidate, not training data",Use only after manual extraction/verification of prevalence values; never as patient-level data.
LIT_Japan_42088317,"Leptomeningeal metastatic disease responding to carboplatin, pemetrexed, and amivantamab after progression to osimertinib in EGFR exon 21 L858R-Mutated non-small cell lung cancer: Two case reports.",Japan,REGIONAL_PREVALENCE_CONTEXT,literature_candidate_pending_manual_review,False,False,True,False,summary only until reviewed,False,PENDING_MANUAL_REVIEW,"regional context candidate, not training data",Use only after manual extraction/verification of prevalence values; never as patient-level data.
LIT_Japan_41671628,Amivantamab plus chemotherapy versus chemotherapy for first-line treatment of participants with EGFR exon 20 insertion-mutated advanced non-small cell lung cancer: PAPILLON Asia subgroup analysis.,Japan,REGIONAL_PREVALENCE_CONTEXT,literature_candidate_pending_manual_review,False,False,True,False,summary only until reviewed,False,PENDING_MANUAL_REVIEW,"regional context candidate, not training data",Use only after manual extraction/verification of prevalence values; never as patient-level data.
LIT_Japan_41808710,Osimertinib opens the door for patients with &lt;i&gt;EGFR&lt;/i&gt;-mutated advanced non-small cell lung cancer and a poor performance status: comment on the OPEN/TORG2040 trial.,Japan,REGIONAL_PREVALENCE_CONTEXT,literature_candidate_pending_manual_review,False,False,True,False,summary only until reviewed,False,PENDING_MANUAL_REVIEW,"regional context candidate, not training data",Use only after manual extraction/verification of prevalence values; never as patient-level data.
LIT_Japan_41574789,Role of clonal lineage analysis via next-generation sequencing in identifying the origin of multiple cancers and guiding treatment options.,Japan,REGIONAL_PREVALENCE_CONTEXT,literature_candidate_pending_manual_review,False,False,True,False,summary only until reviewed,False,PENDING_MANUAL_REVIEW,"regional context candidate, not training data",Use only after manual extraction/verification of prevalence values; never as patient-level data.
LIT_Japan_42232598,Identification of <i>BRCA2</i> Likely Germline Pathogenic Variants in Patients with Multiple Primary Lung Adenocarcinomas. ,Japan,REGIONAL_PREVALENCE_CONTEXT,literature_candidate_pending_manual_review,False,False,True,False,summary only until reviewed,False,PENDING_MANUAL_REVIEW,"regional context candidate, not training data",Use only after manual extraction/verification of prevalence values; never as patient-level data.
LIT_Morocco_41425682,"Non-small Cell Lung Cancer in Women: Experience From the National Institute of Oncology, Rabat, Morocco.",Morocco,REGIONAL_PREVALENCE_CONTEXT,literature_candidate_pending_manual_review,False,False,True,False,summary only until reviewed,False,PENDING_MANUAL_REVIEW,"regional context candidate, not training data",Use only after manual extraction/verification of prevalence values; never as patient-level data.
LIT_Morocco_38828424,Molecular analysis of genetic mutations in non-small cell lung cancer in Morocco.,Morocco,REGIONAL_PREVALENCE_CONTEXT,literature_candidate_pending_manual_review,False,False,True,False,summary only until reviewed,False,PENDING_MANUAL_REVIEW,"regional context candidate, not training data",Use only after manual extraction/verification of prevalence values; never as patient-level data.
LIT_Morocco_41149132,NSCLC EGFR Mutation Prediction via Random Forest Model: A Clinical-CT-Radiomics Integration Approach.,Morocco,REGIONAL_PREVALENCE_CONTEXT,literature_candidate_pending_manual_review,False,False,True,False,summary only until reviewed,False,PENDING_MANUAL_REVIEW,"regional context candidate, not training data",Use only after manual extraction/verification of prevalence values; never as patient-level data.
LIT_Morocco_39285702,Molecular Testing for &lt;i&gt;EGFR&lt;/i&gt; Mutation in Moroccan NSCLC Patients: CHU Hassan II-Fez Experience.,Morocco,REGIONAL_PREVALENCE_CONTEXT,literature_candidate_pending_manual_review,False,False,True,False,summary only until reviewed,False,PENDING_MANUAL_REVIEW,"regional context candidate, not training data",Use only after manual extraction/verification of prevalence values; never as patient-level data.
LIT_Morocco_40302095,The Predictive Significance of Galectin 3 Expression in Patients with Unresectable Non-Small Cell Lung Cancer without EGFR or ALK Mutations Treated Platinum-Based Doublet Chemotherapy.,Morocco,REGIONAL_PREVALENCE_CONTEXT,literature_candidate_pending_manual_review,False,False,True,False,summary only until reviewed,False,PENDING_MANUAL_REVIEW,"regional context candidate, not training data",Use only after manual extraction/verification of prevalence values; never as patient-level data.
LIT_Morocco_41656191,Updated incidence of EGFR mutation in Middle Eastern patients with non-small cell lung cancer: a 7-year study in a Lebanese institution.,Morocco,REGIONAL_PREVALENCE_CONTEXT,literature_candidate_pending_manual_review,False,False,True,False,summary only until reviewed,False,PENDING_MANUAL_REVIEW,"regional context candidate, not training data",Use only after manual extraction/verification of prevalence values; never as patient-level data.
LIT_Morocco_41064668,"Epidemiological, pathological, and molecular characteristics of lung cancer in Casablanca, Morocco: a retrospective study.",Morocco,REGIONAL_PREVALENCE_CONTEXT,literature_candidate_pending_manual_review,False,False,True,False,summary only until reviewed,False,PENDING_MANUAL_REVIEW,"regional context candidate, not training data",Use only after manual extraction/verification of prevalence values; never as patient-level data.
LIT_Morocco_40297021,Potency and Safety of &lt;i&gt;KRAS&lt;/i&gt; G12C Inhibitors in Solid Tumors: A Systematic Review.,Morocco,REGIONAL_PREVALENCE_CONTEXT,literature_candidate_pending_manual_review,False,False,True,False,summary only until reviewed,False,PENDING_MANUAL_REVIEW,"regional context candidate, not training data",Use only after manual extraction/verification of prevalence values; never as patient-level data.
LIT_Morocco_41045728,Correlation between TTF-1 expression and EGFR mutations in moroccan lung adenocarcinoma: A prospective six-year study.,Morocco,REGIONAL_PREVALENCE_CONTEXT,literature_candidate_pending_manual_review,False,False,True,False,summary only until reviewed,False,PENDING_MANUAL_REVIEW,"regional context candidate, not training data",Use only after manual extraction/verification of prevalence values; never as patient-level data.
LIT_Morocco_39113087,Complete response in a lung adenocarcinoma with pleural metastases initially treated with gefitinib and switched to osimertinib after cerebral oligo-progression with unknown T790M mutation: a case report and review of literature.,Morocco,REGIONAL_PREVALENCE_CONTEXT,literature_candidate_pending_manual_review,False,False,True,False,summary only until reviewed,False,PENDING_MANUAL_REVIEW,"regional context candidate, not training data",Use only after manual extraction/verification of prevalence values; never as patient-level data.
LIT_Morocco_39205582,Immunotherapy and PD-L1 Tumor Expression in Moroccan Non-Small Cell Lung Cancer Patients with Various Metastasis.,Morocco,REGIONAL_PREVALENCE_CONTEXT,literature_candidate_pending_manual_review,False,False,True,False,summary only until reviewed,False,PENDING_MANUAL_REVIEW,"regional context candidate, not training data",Use only after manual extraction/verification of prevalence values; never as patient-level data.
LIT_Morocco_41878016,The Role of PD-L1 in Lung Cancer: From Biology to Clinical Application.,Morocco,REGIONAL_PREVALENCE_CONTEXT,literature_candidate_pending_manual_review,False,False,True,False,summary only until reviewed,False,PENDING_MANUAL_REVIEW,"regional context candidate, not training data",Use only after manual extraction/verification of prevalence values; never as patient-level data.
LIT_Morocco_41089817,Failure of oral anti-Xa to prevent non-bacterial thrombotic endocarditis in cancer: case report and literature review.,Morocco,REGIONAL_PREVALENCE_CONTEXT,literature_candidate_pending_manual_review,False,False,True,False,summary only until reviewed,False,PENDING_MANUAL_REVIEW,"regional context candidate, not training data",Use only after manual extraction/verification of prevalence values; never as patient-level data.
LIT_Morocco_42073601,Integrated Characterization of AP-2δ Reveals Distinct Regulatory Architecture in Lung Adenocarcinoma and Lung Squamous Cell Carcinoma.,Morocco,REGIONAL_PREVALENCE_CONTEXT,literature_candidate_pending_manual_review,False,False,True,False,summary only until reviewed,False,PENDING_MANUAL_REVIEW,"regional context candidate, not training data",Use only after manual extraction/verification of prevalence values; never as patient-level data.
LIT_Saudi Arabia_41584721,The Landscape of CEACAM5 Expression by Immunohistochemistry in NSCLC.,Saudi Arabia,REGIONAL_PREVALENCE_CONTEXT,literature_candidate_pending_manual_review,False,False,True,False,summary only until reviewed,False,PENDING_MANUAL_REVIEW,"regional context candidate, not training data",Use only after manual extraction/verification of prevalence values; never as patient-level data.
LIT_Saudi Arabia_39524461,Case Series: EGFR and ROS-1 Co-Occurrence in Advanced Non-Small Cell Lung Cancer.,Saudi Arabia,REGIONAL_PREVALENCE_CONTEXT,literature_candidate_pending_manual_review,False,False,True,False,summary only until reviewed,False,PENDING_MANUAL_REVIEW,"regional context candidate, not training data",Use only after manual extraction/verification of prevalence values; never as patient-level data.
LIT_Saudi Arabia_41590375,Targeting the Uncommon: A Case Report of Osimertinib Response in Advanced NSCLC Patient with Dual EGFR (E701fs and L702fs) Frameshift Deletions.,Saudi Arabia,REGIONAL_PREVALENCE_CONTEXT,literature_candidate_pending_manual_review,False,False,True,False,summary only until reviewed,False,PENDING_MANUAL_REVIEW,"regional context candidate, not training data",Use only after manual extraction/verification of prevalence values; never as patient-level data.
LIT_Saudi Arabia_40556846,Endocrine manifestations of lung adenocarcinoma with epidermal growth factor receptor mutation mimicking tuberculosis: A case report and literature review.,Saudi Arabia,REGIONAL_PREVALENCE_CONTEXT,literature_candidate_pending_manual_review,False,False,True,False,summary only until reviewed,False,PENDING_MANUAL_REVIEW,"regional context candidate, not training data",Use only after manual extraction/verification of prevalence values; never as patient-level data.
LIT_Saudi Arabia_41373672,Advances in Targeted Therapy for Non-Small-Cell Lung Cancer: Current Progress and Future Directions.,Saudi Arabia,REGIONAL_PREVALENCE_CONTEXT,literature_candidate_pending_manual_review,False,False,True,False,summary only until reviewed,False,PENDING_MANUAL_REVIEW,"regional context candidate, not training data",Use only after manual extraction/verification of prevalence values; never as patient-level data.
LIT_Saudi Arabia_41035623,Long-term Survival in Lung Cancer With Brain Metastases and Coronary Artery Stenosis: A Case Report.,Saudi Arabia,REGIONAL_PREVALENCE_CONTEXT,literature_candidate_pending_manual_review,False,False,True,False,summary only until reviewed,False,PENDING_MANUAL_REVIEW,"regional context candidate, not training data",Use only after manual extraction/verification of prevalence values; never as patient-level data.
LIT_Saudi Arabia_40535673,"Cadherin family genes in non-small cell lung cancer: implications for diagnosis, prognosis, and targeted therapy.",Saudi Arabia,REGIONAL_PREVALENCE_CONTEXT,literature_candidate_pending_manual_review,False,False,True,False,summary only until reviewed,False,PENDING_MANUAL_REVIEW,"regional context candidate, not training data",Use only after manual extraction/verification of prevalence values; never as patient-level data.
LIT_Saudi Arabia_41235705,B lymphocytes and tertiary lymphoid structures have a prognostic impact on penile squamous cell carcinoma.,Saudi Arabia,REGIONAL_PREVALENCE_CONTEXT,literature_candidate_pending_manual_review,False,False,True,False,summary only until reviewed,False,PENDING_MANUAL_REVIEW,"regional context candidate, not training data",Use only after manual extraction/verification of prevalence values; never as patient-level data.
LIT_Saudi Arabia_41303058,Redefining the Diagnostic and Therapeutic Landscape of Non-Small Cell Lung Cancer in the Era of Precision Medicine.,Saudi Arabia,REGIONAL_PREVALENCE_CONTEXT,literature_candidate_pending_manual_review,False,False,True,False,summary only until reviewed,False,PENDING_MANUAL_REVIEW,"regional context candidate, not training data",Use only after manual extraction/verification of prevalence values; never as patient-level data.
LIT_Saudi Arabia_40603329,Clinical relevance of the somatic mutational landscaping in predicting outcome of bladder cancer patients.,Saudi Arabia,REGIONAL_PREVALENCE_CONTEXT,literature_candidate_pending_manual_review,False,False,True,False,summary only until reviewed,False,PENDING_MANUAL_REVIEW,"regional context candidate, not training data",Use only after manual extraction/verification of prevalence values; never as patient-level data.
LIT_Saudi Arabia_41340013,"Epidemiology of Lung Cancer in Saudi Arabia, Saudi Cancer Registry, 2015-2020.",Saudi Arabia,REGIONAL_PREVALENCE_CONTEXT,literature_candidate_pending_manual_review,False,False,True,False,summary only until reviewed,False,PENDING_MANUAL_REVIEW,"regional context candidate, not training data",Use only after manual extraction/verification of prevalence values; never as patient-level data.
LIT_South Korea_42018150,Clinical and Molecular Characterization of a Rare EGFR cis Compound L833V/H835L Mutation in Non-Small Cell Lung Cancer.,South Korea,REGIONAL_PREVALENCE_CONTEXT,literature_candidate_pending_manual_review,False,False,True,False,summary only until reviewed,False,PENDING_MANUAL_REVIEW,"regional context candidate, not training data",Use only after manual extraction/verification of prevalence values; never as patient-level data.
LIT_South Korea_41694838,Brain Metastasis After Curative Resection of Non-small Cell Lung Cancer: A Systematic Review and Meta-Analysis.,South Korea,REGIONAL_PREVALENCE_CONTEXT,literature_candidate_pending_manual_review,False,False,True,False,summary only until reviewed,False,PENDING_MANUAL_REVIEW,"regional context candidate, not training data",Use only after manual extraction/verification of prevalence values; never as patient-level data.
LIT_South Korea_41325571,Amivantamab Plus Lazertinib in Atypical &lt;i&gt;EGFR&lt;/i&gt;-Mutated Advanced Non-Small Cell Lung Cancer: Results From CHRYSALIS-2.,South Korea,REGIONAL_PREVALENCE_CONTEXT,literature_candidate_pending_manual_review,False,False,True,False,summary only until reviewed,False,PENDING_MANUAL_REVIEW,"regional context candidate, not training data",Use only after manual extraction/verification of prevalence values; never as patient-level data.
LIT_South Korea_41815740,Amivantamab Monotherapy for Lung Adenocarcinoma With Leptomeningeal Seeding: A Case Report.,South Korea,REGIONAL_PREVALENCE_CONTEXT,literature_candidate_pending_manual_review,False,False,True,False,summary only until reviewed,False,PENDING_MANUAL_REVIEW,"regional context candidate, not training data",Use only after manual extraction/verification of prevalence values; never as patient-level data.
LIT_South Korea_41585239,Prolonged survival in EGFR exon 20 insertion mutant lung adenocarcinoma: case report of sequential osimertinib and furmonertinib with research trend analysis.,South Korea,REGIONAL_PREVALENCE_CONTEXT,literature_candidate_pending_manual_review,False,False,True,False,summary only until reviewed,False,PENDING_MANUAL_REVIEW,"regional context candidate, not training data",Use only after manual extraction/verification of prevalence values; never as patient-level data.
LIT_South Korea_41173494,Artificial intelligence-powered spatial analysis of tumor microenvironment in patients with non-small cell lung cancer with acquired resistance to EGFR tyrosine kinase inhibitor.,South Korea,REGIONAL_PREVALENCE_CONTEXT,literature_candidate_pending_manual_review,False,False,True,False,summary only until reviewed,False,PENDING_MANUAL_REVIEW,"regional context candidate, not training data",Use only after manual extraction/verification of prevalence values; never as patient-level data.
LIT_South Korea_41697515,Treatment Patterns and Clinical Outcomes in Unresectable Stage III EGFR-Mutated Non-Small Cell Lung Cancer in China.,South Korea,REGIONAL_PREVALENCE_CONTEXT,literature_candidate_pending_manual_review,False,False,True,False,summary only until reviewed,False,PENDING_MANUAL_REVIEW,"regional context candidate, not training data",Use only after manual extraction/verification of prevalence values; never as patient-level data.
LIT_South Korea_42170254,The resistance landscape of EGFR tyrosine kinase inhibitors in advanced non-small cell lung cancer: molecular mechanisms and novel therapeutic strategies.,South Korea,REGIONAL_PREVALENCE_CONTEXT,literature_candidate_pending_manual_review,False,False,True,False,summary only until reviewed,False,PENDING_MANUAL_REVIEW,"regional context candidate, not training data",Use only after manual extraction/verification of prevalence values; never as patient-level data.
LIT_South Korea_41821091,Efficacy and safety of neoadjuvant targeted therapy in non-small cell lung cancer: a systematic review and meta-analysis.,South Korea,REGIONAL_PREVALENCE_CONTEXT,literature_candidate_pending_manual_review,False,False,True,False,summary only until reviewed,False,PENDING_MANUAL_REVIEW,"regional context candidate, not training data",Use only after manual extraction/verification of prevalence values; never as patient-level data.
LIT_South Korea_41367553,Unveiling the clinical impact of plasma-only mutations in non-small cell lung cancer: a Korean multicenter experience.,South Korea,REGIONAL_PREVALENCE_CONTEXT,literature_candidate_pending_manual_review,False,False,True,False,summary only until reviewed,False,PENDING_MANUAL_REVIEW,"regional context candidate, not training data",Use only after manual extraction/verification of prevalence values; never as patient-level data.
LIT_South Korea_41878697,Fatal Disease Progression Driven by Acquired MET Amplification After EGFR-TKI Therapy in EGFR- and RBM10-Mutant Lung Adenocarcinoma.,South Korea,REGIONAL_PREVALENCE_CONTEXT,literature_candidate_pending_manual_review,False,False,True,False,summary only until reviewed,False,PENDING_MANUAL_REVIEW,"regional context candidate, not training data",Use only after manual extraction/verification of prevalence values; never as patient-level data.
LIT_South Korea_41659267,Comprehensive genomic profiling of synchronous invasive adenocarcinoma and squamous cell carcinoma within the same lobe: a case report.,South Korea,REGIONAL_PREVALENCE_CONTEXT,literature_candidate_pending_manual_review,False,False,True,False,summary only until reviewed,False,PENDING_MANUAL_REVIEW,"regional context candidate, not training data",Use only after manual extraction/verification of prevalence values; never as patient-level data.
LIT_South Korea_41859743,Advancing Precision Medicine in Non-Small Cell Lung Cancer Diagnostics in a Southeast Asian Country.,South Korea,REGIONAL_PREVALENCE_CONTEXT,literature_candidate_pending_manual_review,False,False,True,False,summary only until reviewed,False,PENDING_MANUAL_REVIEW,"regional context candidate, not training data",Use only after manual extraction/verification of prevalence values; never as patient-level data.
LIT_South Korea_40737730,Real-world survival outcomes of immune checkpoint inhibitor therapy after standard treatment failure in EGFR-mutated NSCLC: A nationwide cohort study.,South Korea,REGIONAL_PREVALENCE_CONTEXT,literature_candidate_pending_manual_review,False,False,True,False,summary only until reviewed,False,PENDING_MANUAL_REVIEW,"regional context candidate, not training data",Use only after manual extraction/verification of prevalence values; never as patient-level data.
LIT_South Korea_41982690,"NOTCH4 as a driver of epithelial-mesenchymal transition, angiogenesis, and stromal remodeling in lung adenocarcinoma: integrated transcriptomic and protein-level validation.",South Korea,REGIONAL_PREVALENCE_CONTEXT,literature_candidate_pending_manual_review,False,False,True,False,summary only until reviewed,False,PENDING_MANUAL_REVIEW,"regional context candidate, not training data",Use only after manual extraction/verification of prevalence values; never as patient-level data.
LIT_Spain_42201046,"Loss of PTEN as an Independent Poor Prognosis Indicator in Lung Adenocarcinoma, but Not in Squamous Cell Carcinoma, Is Associated with an Immunosuppressive Tumor Microenvironment and Distinct Co-Mutational Profiles.",Spain,REGIONAL_PREVALENCE_CONTEXT,literature_candidate_pending_manual_review,False,False,True,False,summary only until reviewed,False,PENDING_MANUAL_REVIEW,"regional context candidate, not training data",Use only after manual extraction/verification of prevalence values; never as patient-level data.
LIT_Spain_41903702,"Molecular Profiling Across 80,000 Patients With Lung Cancer.",Spain,REGIONAL_PREVALENCE_CONTEXT,literature_candidate_pending_manual_review,False,False,True,False,summary only until reviewed,False,PENDING_MANUAL_REVIEW,"regional context candidate, not training data",Use only after manual extraction/verification of prevalence values; never as patient-level data.
LIT_Spain_41668738,EZR-ROS1 rearrangement as a novel mechanism of acquired resistance to EGFR-TKIs in NSCLC: a case report and literature review.,Spain,REGIONAL_PREVALENCE_CONTEXT,literature_candidate_pending_manual_review,False,False,True,False,summary only until reviewed,False,PENDING_MANUAL_REVIEW,"regional context candidate, not training data",Use only after manual extraction/verification of prevalence values; never as patient-level data.
LIT_Spain_41809832,Clinical outcomes and survival in patients with NSCLC and EGFR exon 20 mutations: evidence from real-world clinical practice in a retrospective study in Galicia.,Spain,REGIONAL_PREVALENCE_CONTEXT,literature_candidate_pending_manual_review,False,False,True,False,summary only until reviewed,False,PENDING_MANUAL_REVIEW,"regional context candidate, not training data",Use only after manual extraction/verification of prevalence values; never as patient-level data.
LIT_Spain_42218277,Exploratory plasma ctDNA genomic biomarkers identified by whole-exome sequencing and a novel bioinformatics pipeline in advanced driver-negative NSCLC.,Spain,REGIONAL_PREVALENCE_CONTEXT,literature_candidate_pending_manual_review,False,False,True,False,summary only until reviewed,False,PENDING_MANUAL_REVIEW,"regional context candidate, not training data",Use only after manual extraction/verification of prevalence values; never as patient-level data.
LIT_Spain_41968649,Second Line Treatment Decision as Per Standard of Care or Foundation Medicine in Patients With Locally Advanced or Metastatic Non-Small Cell Lung Cancer.,Spain,REGIONAL_PREVALENCE_CONTEXT,literature_candidate_pending_manual_review,False,False,True,False,summary only until reviewed,False,PENDING_MANUAL_REVIEW,"regional context candidate, not training data",Use only after manual extraction/verification of prevalence values; never as patient-level data.
LIT_Spain_41815386,Clinical and molecular characterization of a large Brazilian lung cancer cohort: a real-world observational study.,Spain,REGIONAL_PREVALENCE_CONTEXT,literature_candidate_pending_manual_review,False,False,True,False,summary only until reviewed,False,PENDING_MANUAL_REVIEW,"regional context candidate, not training data",Use only after manual extraction/verification of prevalence values; never as patient-level data.
LIT_Spain_42170282,Timing of definitive pleural intervention within systemic anticancer therapy in malignant pleural effusion from high-response lung cancers: a retrospective single-center cohort study.,Spain,REGIONAL_PREVALENCE_CONTEXT,literature_candidate_pending_manual_review,False,False,True,False,summary only until reviewed,False,PENDING_MANUAL_REVIEW,"regional context candidate, not training data",Use only after manual extraction/verification of prevalence values; never as patient-level data.
LIT_Spain_41785639,Osimertinib after definitive chemoradiotherapy in patients with unresectable stage III EGFR-mutated NSCLC: LAURA China cohort.,Spain,REGIONAL_PREVALENCE_CONTEXT,literature_candidate_pending_manual_review,False,False,True,False,summary only until reviewed,False,PENDING_MANUAL_REVIEW,"regional context candidate, not training data",Use only after manual extraction/verification of prevalence values; never as patient-level data.
LIT_Spain_42039685,Durvalumab Plus Chemotherapy in Patients With &lt;i&gt;EGFR&lt;/i&gt;-Mutated Advanced NSCLC Whose Disease Progressed on First-Line Osimertinib: ORCHARD.,Spain,REGIONAL_PREVALENCE_CONTEXT,literature_candidate_pending_manual_review,False,False,True,False,summary only until reviewed,False,PENDING_MANUAL_REVIEW,"regional context candidate, not training data",Use only after manual extraction/verification of prevalence values; never as patient-level data.
LIT_Spain_42028225,Role of radiotherapy in the treatment of &lt;i&gt;EGFR&lt;/i&gt;-mutant non-small-cell lung cancer: a narrative review.,Spain,REGIONAL_PREVALENCE_CONTEXT,literature_candidate_pending_manual_review,False,False,True,False,summary only until reviewed,False,PENDING_MANUAL_REVIEW,"regional context candidate, not training data",Use only after manual extraction/verification of prevalence values; never as patient-level data.
LIT_Spain_42170293,Two-year treatment-free sustained remission after chemo-immunotherapy in a 52-year-old male with recurrent &lt;i&gt;ARID1A&lt;/i&gt;-mutant lung adenocarcinoma: a case report.,Spain,REGIONAL_PREVALENCE_CONTEXT,literature_candidate_pending_manual_review,False,False,True,False,summary only until reviewed,False,PENDING_MANUAL_REVIEW,"regional context candidate, not training data",Use only after manual extraction/verification of prevalence values; never as patient-level data.
LIT_Spain_41988266,Charting the blueprint: a bibliometric analysis reveals future strategies in lung cancer targeted therapy (2003-2025).,Spain,REGIONAL_PREVALENCE_CONTEXT,literature_candidate_pending_manual_review,False,False,True,False,summary only until reviewed,False,PENDING_MANUAL_REVIEW,"regional context candidate, not training data",Use only after manual extraction/verification of prevalence values; never as patient-level data.
LIT_Spain_41964023,TUSC7 expression and mutational profile define its potential as a diagnostic and therapeutic biomarker in non-small cell lung cancer.,Spain,REGIONAL_PREVALENCE_CONTEXT,literature_candidate_pending_manual_review,False,False,True,False,summary only until reviewed,False,PENDING_MANUAL_REVIEW,"regional context candidate, not training data",Use only after manual extraction/verification of prevalence values; never as patient-level data.
LIT_Spain_168,Genomic Profile of Non-Small Cell Lung Cancer in a Spanish Cohort: A 2-Year Descriptive Study Using Next-Generation Sequencing,Spain,REGIONAL_PREVALENCE_CONTEXT,literature_candidate_pending_manual_review,False,False,True,False,summary only until reviewed,False,PENDING_MANUAL_REVIEW,"regional context candidate, not training data",Use only after manual extraction/verification of prevalence values; never as patient-level data.
LIT_Spain_41897642,A Complete Response to Immunotherapy in a Patient with Locally Advanced Squamous Cell Lung Cancer Harboring a Novel &lt;i&gt;TMEM178B::BRAF&lt;/i&gt; Fusion: A Case Report.,Spain,REGIONAL_PREVALENCE_CONTEXT,literature_candidate_pending_manual_review,False,False,True,False,summary only until reviewed,False,PENDING_MANUAL_REVIEW,"regional context candidate, not training data",Use only after manual extraction/verification of prevalence values; never as patient-level data.
LIT_Spain_41438843,Cancer in a drop: Liquid biopsy highlights from the World Conference on Lung Cancer (WCLC) 2025.,Spain,REGIONAL_PREVALENCE_CONTEXT,literature_candidate_pending_manual_review,False,False,True,False,summary only until reviewed,False,PENDING_MANUAL_REVIEW,"regional context candidate, not training data",Use only after manual extraction/verification of prevalence values; never as patient-level data.
LIT_Tunisia_37930659,PD-L1 and molecular biomarker expression in non-small cell lung cancer in Tunisian patients.,Tunisia,REGIONAL_PREVALENCE_CONTEXT,literature_candidate_pending_manual_review,False,False,True,False,summary only until reviewed,False,PENDING_MANUAL_REVIEW,"regional context candidate, not training data",Use only after manual extraction/verification of prevalence values; never as patient-level data.
LIT_Tunisia_40112503,Molecular profile of non-small cell lung cancer in a predominantly Black African population in Kenya: A single institution review.,Tunisia,REGIONAL_PREVALENCE_CONTEXT,literature_candidate_pending_manual_review,False,False,True,False,summary only until reviewed,False,PENDING_MANUAL_REVIEW,"regional context candidate, not training data",Use only after manual extraction/verification of prevalence values; never as patient-level data.
LIT_Tunisia_39363851,Genetic Profiling of Non-Small Cell Lung Cancer in Moroccan Patients by Targeted Next-Generation Sequencing.,Tunisia,REGIONAL_PREVALENCE_CONTEXT,literature_candidate_pending_manual_review,False,False,True,False,summary only until reviewed,False,PENDING_MANUAL_REVIEW,"regional context candidate, not training data",Use only after manual extraction/verification of prevalence values; never as patient-level data.
LIT_Tunisia_36011410,Predominance of the Rare EGFR Mutation p.L861Q in Tunisian Patients with Non-Small Cell Lung Carcinoma.,Tunisia,REGIONAL_PREVALENCE_CONTEXT,literature_candidate_pending_manual_review,False,False,True,False,summary only until reviewed,False,PENDING_MANUAL_REVIEW,"regional context candidate, not training data",Use only after manual extraction/verification of prevalence values; never as patient-level data.
LIT_Tunisia_39342926,Genomic Landscape of Advanced Solid Tumors in Middle East and North Africa Using Circulating Tumor DNA in Routine Clinical Practice.,Tunisia,REGIONAL_PREVALENCE_CONTEXT,literature_candidate_pending_manual_review,False,False,True,False,summary only until reviewed,False,PENDING_MANUAL_REVIEW,"regional context candidate, not training data",Use only after manual extraction/verification of prevalence values; never as patient-level data.
LIT_Tunisia_40261300,Cancer Genetics in the Arab World.,Tunisia,REGIONAL_PREVALENCE_CONTEXT,literature_candidate_pending_manual_review,False,False,True,False,summary only until reviewed,False,PENDING_MANUAL_REVIEW,"regional context candidate, not training data",Use only after manual extraction/verification of prevalence values; never as patient-level data.
LIT_Tunisia_36077640,Molecular Biology and Therapeutic Perspectives for K-Ras Mutant Non-Small Cell Lung Cancers.,Tunisia,REGIONAL_PREVALENCE_CONTEXT,literature_candidate_pending_manual_review,False,False,True,False,summary only until reviewed,False,PENDING_MANUAL_REVIEW,"regional context candidate, not training data",Use only after manual extraction/verification of prevalence values; never as patient-level data.
LIT_Tunisia_42063916,Differences in anatomoclinical profiles between RAS-Mutated and Wild-Type colorectal cancers in an Eastern Algerian Cohort.,Tunisia,REGIONAL_PREVALENCE_CONTEXT,literature_candidate_pending_manual_review,False,False,True,False,summary only until reviewed,False,PENDING_MANUAL_REVIEW,"regional context candidate, not training data",Use only after manual extraction/verification of prevalence values; never as patient-level data.
LIT_Tunisia_39669580,Multi-omics characterization and machine learning of lung adenocarcinoma molecular subtypes to guide precise chemotherapy and immunotherapy.,Tunisia,REGIONAL_PREVALENCE_CONTEXT,literature_candidate_pending_manual_review,False,False,True,False,summary only until reviewed,False,PENDING_MANUAL_REVIEW,"regional context candidate, not training data",Use only after manual extraction/verification of prevalence values; never as patient-level data.
LIT_Tunisia_38245692,Genomic features of lung cancer patients in Indonesia's national cancer center.,Tunisia,REGIONAL_PREVALENCE_CONTEXT,literature_candidate_pending_manual_review,False,False,True,False,summary only until reviewed,False,PENDING_MANUAL_REVIEW,"regional context candidate, not training data",Use only after manual extraction/verification of prevalence values; never as patient-level data.
LIT_Tunisia_42099507,Identification of Somatic and Germline Mutations Influencing Treatment Outcomes and Disease Susceptibility in Tunisian Triple-Negative Breast Cancer Using Next-Generation Sequencing.,Tunisia,REGIONAL_PREVALENCE_CONTEXT,literature_candidate_pending_manual_review,False,False,True,False,summary only until reviewed,False,PENDING_MANUAL_REVIEW,"regional context candidate, not training data",Use only after manual extraction/verification of prevalence values; never as patient-level data.
LIT_Tunisia_38455708,"Geographic differences in lung cancer: focus on carcinogens, genetic predisposition, and molecular epidemiology.",Tunisia,REGIONAL_PREVALENCE_CONTEXT,literature_candidate_pending_manual_review,False,False,True,False,summary only until reviewed,False,PENDING_MANUAL_REVIEW,"regional context candidate, not training data",Use only after manual extraction/verification of prevalence values; never as patient-level data.
LIT_Turkey_42176127,"Somatic mutation profiling by NGS-based liquid biopsy in advanced non-small cell lung cancer: frequency, clinical correlates, and prognostic significance.",Turkey,REGIONAL_PREVALENCE_CONTEXT,literature_candidate_pending_manual_review,False,False,True,False,summary only until reviewed,False,PENDING_MANUAL_REVIEW,"regional context candidate, not training data",Use only after manual extraction/verification of prevalence values; never as patient-level data.
LIT_Turkey_40870512,Evaluation of PD-L1 Expression and Anti-&lt;i&gt;EGFR&lt;/i&gt; Therapy in &lt;i&gt;EGFR&lt;/i&gt;-Mutant Non-Small-Cell Lung Cancer.,Turkey,REGIONAL_PREVALENCE_CONTEXT,literature_candidate_pending_manual_review,False,False,True,False,summary only until reviewed,False,PENDING_MANUAL_REVIEW,"regional context candidate, not training data",Use only after manual extraction/verification of prevalence values; never as patient-level data.
LIT_Turkey_42075590,Serum Carcinoembryonic Antigen Levels Across Molecular Subtypes and Their Clinical and Prognostic Implications in Metastatic Non-Small Cell Lung Cancer.,Turkey,REGIONAL_PREVALENCE_CONTEXT,literature_candidate_pending_manual_review,False,False,True,False,summary only until reviewed,False,PENDING_MANUAL_REVIEW,"regional context candidate, not training data",Use only after manual extraction/verification of prevalence values; never as patient-level data.
LIT_Turkey_40597364,Driver mutations and malignant pleural effusion in non-small cell lung cancer.,Turkey,REGIONAL_PREVALENCE_CONTEXT,literature_candidate_pending_manual_review,False,False,True,False,summary only until reviewed,False,PENDING_MANUAL_REVIEW,"regional context candidate, not training data",Use only after manual extraction/verification of prevalence values; never as patient-level data.
LIT_Turkey_41140359,Can radiomics in brain magnetic resonance imaging predict the mutational status of primary lung cancer based on brain metastasis?,Turkey,REGIONAL_PREVALENCE_CONTEXT,literature_candidate_pending_manual_review,False,False,True,False,summary only until reviewed,False,PENDING_MANUAL_REVIEW,"regional context candidate, not training data",Use only after manual extraction/verification of prevalence values; never as patient-level data.
LIT_Turkey_41681973,Differential Metastatic Patterns and Prognostic Value of Systemic Inflammation Scores in Anaplastic Lymphoma Kinase Rearranged Versus Anaplastic Lymphoma Kinase Negative Non-Small Cell Lung Cancer.,Turkey,REGIONAL_PREVALENCE_CONTEXT,literature_candidate_pending_manual_review,False,False,True,False,summary only until reviewed,False,PENDING_MANUAL_REVIEW,"regional context candidate, not training data",Use only after manual extraction/verification of prevalence values; never as patient-level data.
LIT_Turkey_41963365,Extracellular matrix-driven patient stratification and network modeling reveal distinct molecular grades with potential clinical implications.,Turkey,REGIONAL_PREVALENCE_CONTEXT,literature_candidate_pending_manual_review,False,False,True,False,summary only until reviewed,False,PENDING_MANUAL_REVIEW,"regional context candidate, not training data",Use only after manual extraction/verification of prevalence values; never as patient-level data.
LIT_Turkey_41350831,LYN mutations in breast cancer: hypothesis-generating evidence for an association with central nervous system metastasis and domain-level insights.,Turkey,REGIONAL_PREVALENCE_CONTEXT,literature_candidate_pending_manual_review,False,False,True,False,summary only until reviewed,False,PENDING_MANUAL_REVIEW,"regional context candidate, not training data",Use only after manual extraction/verification of prevalence values; never as patient-level data.
LIT_United Arab Emirates_41424613,"Integrated Multi-Omics Approaches for Predicting Immune Checkpoint Inhibitor Response in NSCLC - Insights From Genomics, Proteomics, and Metabolomics.",United Arab Emirates,REGIONAL_PREVALENCE_CONTEXT,literature_candidate_pending_manual_review,False,False,True,False,summary only until reviewed,False,PENDING_MANUAL_REVIEW,"regional context candidate, not training data",Use only after manual extraction/verification of prevalence values; never as patient-level data.
LIT_United Arab Emirates_38756870,"A retrospective, descriptive analysis identifying non‑small cell lung cancer molecular markers.",United Arab Emirates,REGIONAL_PREVALENCE_CONTEXT,literature_candidate_pending_manual_review,False,False,True,False,summary only until reviewed,False,PENDING_MANUAL_REVIEW,"regional context candidate, not training data",Use only after manual extraction/verification of prevalence values; never as patient-level data.
LIT_United Arab Emirates_41401147,Disruption of epidermal growth factor receptor signaling and cytoskeletal dynamics by mebendazole and gefitinib synergistically impairs paracrine cytokine signaling in non-small cell lung cancer and triple-negative breast cancer Cell lines.,United Arab Emirates,REGIONAL_PREVALENCE_CONTEXT,literature_candidate_pending_manual_review,False,False,True,False,summary only until reviewed,False,PENDING_MANUAL_REVIEW,"regional context candidate, not training data",Use only after manual extraction/verification of prevalence values; never as patient-level data.
LIT_United Arab Emirates_41821616,"Natural products as kinase inhibitors in lung cancer: molecular mechanisms, therapeutic potential, and clinical trials.",United Arab Emirates,REGIONAL_PREVALENCE_CONTEXT,literature_candidate_pending_manual_review,False,False,True,False,summary only until reviewed,False,PENDING_MANUAL_REVIEW,"regional context candidate, not training data",Use only after manual extraction/verification of prevalence values; never as patient-level data.
LIT_United Arab Emirates_41386847,Investigating the role of oncogenic FAM83A as a prognostic biomarker in lung adenocarcinoma: Insights from smoker and non-smoker cohorts.,United Arab Emirates,REGIONAL_PREVALENCE_CONTEXT,literature_candidate_pending_manual_review,False,False,True,False,summary only until reviewed,False,PENDING_MANUAL_REVIEW,"regional context candidate, not training data",Use only after manual extraction/verification of prevalence values; never as patient-level data.
LIT_United Arab Emirates_41465430,Mollugin: A Comprehensive Review of Its Multifaceted Pharmacological Properties and Therapeutic Potential.,United Arab Emirates,REGIONAL_PREVALENCE_CONTEXT,literature_candidate_pending_manual_review,False,False,True,False,summary only until reviewed,False,PENDING_MANUAL_REVIEW,"regional context candidate, not training data",Use only after manual extraction/verification of prevalence values; never as patient-level data.
LIT_United Kingdom_41617518,Genomic profiling of early-stage resectable non-small-cell lung cancer in a Malaysian private healthcare setting: Real-world clinical implications.,United Kingdom,REGIONAL_PREVALENCE_CONTEXT,literature_candidate_pending_manual_review,False,False,True,False,summary only until reviewed,False,PENDING_MANUAL_REVIEW,"regional context candidate, not training data",Use only after manual extraction/verification of prevalence values; never as patient-level data.
LIT_United Kingdom_41114991,Lung Cancer in Nonsmoking Individuals: A Review.,United Kingdom,REGIONAL_PREVALENCE_CONTEXT,literature_candidate_pending_manual_review,False,False,True,False,summary only until reviewed,False,PENDING_MANUAL_REVIEW,"regional context candidate, not training data",Use only after manual extraction/verification of prevalence values; never as patient-level data.
LIT_United Kingdom_41818162,"Aumolertinib with carboplatin-pemetrexed versus aumolertinib for nonsmall cell lung cancer with EGFR and concomitant tumor suppressor genes (ACROSS2): An open-label, multicenter, randomized phase 3 study.",United Kingdom,REGIONAL_PREVALENCE_CONTEXT,literature_candidate_pending_manual_review,False,False,True,False,summary only until reviewed,False,PENDING_MANUAL_REVIEW,"regional context candidate, not training data",Use only after manual extraction/verification of prevalence values; never as patient-level data.
LIT_United Kingdom_41678173,Ancestry-Associated Performance Variability of Open-Source AI Models for EGFR Prediction in Lung Cancer.,United Kingdom,REGIONAL_PREVALENCE_CONTEXT,literature_candidate_pending_manual_review,False,False,True,False,summary only until reviewed,False,PENDING_MANUAL_REVIEW,"regional context candidate, not training data",Use only after manual extraction/verification of prevalence values; never as patient-level data.
LIT_United Kingdom_41853303,Targeted and immunotherapy based on tissue of origin in carcinoma of unknown primary: a two-case report and literature review.,United Kingdom,REGIONAL_PREVALENCE_CONTEXT,literature_candidate_pending_manual_review,False,False,True,False,summary only until reviewed,False,PENDING_MANUAL_REVIEW,"regional context candidate, not training data",Use only after manual extraction/verification of prevalence values; never as patient-level data.
LIT_United Kingdom_42038400,Integrated molecular dynamics elucidation of TP53 H179 zinc-binding variants: genomic and structural characterization across NSCLC subtypes.,United Kingdom,REGIONAL_PREVALENCE_CONTEXT,literature_candidate_pending_manual_review,False,False,True,False,summary only until reviewed,False,PENDING_MANUAL_REVIEW,"regional context candidate, not training data",Use only after manual extraction/verification of prevalence values; never as patient-level data.
LIT_United Kingdom_41714147,Gene duplication is associated with gene diversification and potential neofunctionalization in lung cancer evolution.,United Kingdom,REGIONAL_PREVALENCE_CONTEXT,literature_candidate_pending_manual_review,False,False,True,False,summary only until reviewed,False,PENDING_MANUAL_REVIEW,"regional context candidate, not training data",Use only after manual extraction/verification of prevalence values; never as patient-level data.
LIT_United Kingdom_41573731,Case Report: Perioperative application of trastuzumab deruxtecan in &lt;i&gt;HER2&lt;/i&gt; exon 20 mutation-positive non-small cell lung cancer.,United Kingdom,REGIONAL_PREVALENCE_CONTEXT,literature_candidate_pending_manual_review,False,False,True,False,summary only until reviewed,False,PENDING_MANUAL_REVIEW,"regional context candidate, not training data",Use only after manual extraction/verification of prevalence values; never as patient-level data.
LIT_United Kingdom_41712875,Current Insights and Future Directions of Multiomic and Spatial-Omic Analysis in Non-Small Cell Lung Cancer.,United Kingdom,REGIONAL_PREVALENCE_CONTEXT,literature_candidate_pending_manual_review,False,False,True,False,summary only until reviewed,False,PENDING_MANUAL_REVIEW,"regional context candidate, not training data",Use only after manual extraction/verification of prevalence values; never as patient-level data.
LIT_United States_42109522,Variant allele frequency as a predictor of treatment response to osimertinib in EGFR-mutated NSCLC.,United States,REGIONAL_PREVALENCE_CONTEXT,literature_candidate_pending_manual_review,False,False,True,False,summary only until reviewed,False,PENDING_MANUAL_REVIEW,"regional context candidate, not training data",Use only after manual extraction/verification of prevalence values; never as patient-level data.
LIT_United States_30137862,Lung Adenocarcinoma,United States,REGIONAL_PREVALENCE_CONTEXT,literature_candidate_pending_manual_review,False,False,True,False,summary only until reviewed,False,PENDING_MANUAL_REVIEW,"regional context candidate, not training data",Use only after manual extraction/verification of prevalence values; never as patient-level data.
LIT_United States_41660509,Case Report: A patient harboring rare EGFR S768I/V769L compound mutation benefited from afatinib and osimertinib.,United States,REGIONAL_PREVALENCE_CONTEXT,literature_candidate_pending_manual_review,False,False,True,False,summary only until reviewed,False,PENDING_MANUAL_REVIEW,"regional context candidate, not training data",Use only after manual extraction/verification of prevalence values; never as patient-level data.
LIT_United States_42123214,HER-2 Altered Early-Stage Non-Small Cell Lung Cancer Had Better Survival than Triple-Negative Disease.,United States,REGIONAL_PREVALENCE_CONTEXT,literature_candidate_pending_manual_review,False,False,True,False,summary only until reviewed,False,PENDING_MANUAL_REVIEW,"regional context candidate, not training data",Use only after manual extraction/verification of prevalence values; never as patient-level data.
LIT_United States_41954526,Targeted therapy in the treatment of lung cancer in Iceland 2010-2023.,United States,REGIONAL_PREVALENCE_CONTEXT,literature_candidate_pending_manual_review,False,False,True,False,summary only until reviewed,False,PENDING_MANUAL_REVIEW,"regional context candidate, not training data",Use only after manual extraction/verification of prevalence values; never as patient-level data.
LIT_United States_41948726,ETV6-NTRK3 as a resistance mechanism to epidermal growth factor receptor (EGFR) tyrosine kinase inhibitors: favorable response after combination of osimertinib and entrectinib: a case report and literature review.,United States,REGIONAL_PREVALENCE_CONTEXT,literature_candidate_pending_manual_review,False,False,True,False,summary only until reviewed,False,PENDING_MANUAL_REVIEW,"regional context candidate, not training data",Use only after manual extraction/verification of prevalence values; never as patient-level data.
LIT_United States_41736995,Prospective Observational Real-World Study of Afatinib as First-Line Treatment in Patients with Epidermal Growth Factor Receptor (EGFR) Mutation-Positive Advanced Non-Small Cell Lung Cancer (NSCLC) in China.,United States,REGIONAL_PREVALENCE_CONTEXT,literature_candidate_pending_manual_review,False,False,True,False,summary only until reviewed,False,PENDING_MANUAL_REVIEW,"regional context candidate, not training data",Use only after manual extraction/verification of prevalence values; never as patient-level data.
LIT_United States_42079655,Targetable driver gene-tumor immune microenvironment axis in non-small cell lung cancer: from molecular pathological mechanisms to precision immunotherapy stratification strategies.,United States,REGIONAL_PREVALENCE_CONTEXT,literature_candidate_pending_manual_review,False,False,True,False,summary only until reviewed,False,PENDING_MANUAL_REVIEW,"regional context candidate, not training data",Use only after manual extraction/verification of prevalence values; never as patient-level data.
LIT_United States_42089783,Archetype analysis of lung adenocarcinoma premalignancy links heterogeneity in premalignant lesions to diverging features of invasive disease.,United States,REGIONAL_PREVALENCE_CONTEXT,literature_candidate_pending_manual_review,False,False,True,False,summary only until reviewed,False,PENDING_MANUAL_REVIEW,"regional context candidate, not training data",Use only after manual extraction/verification of prevalence values; never as patient-level data.
LIT_United States_215,Case Report: Furmonertinib dose escalation in heavily pretreated EGFR-mutant lung adenocarcinoma with diffuse brain metastases,United States,REGIONAL_PREVALENCE_CONTEXT,literature_candidate_pending_manual_review,False,False,True,False,summary only until reviewed,False,PENDING_MANUAL_REVIEW,"regional context candidate, not training data",Use only after manual extraction/verification of prevalence values; never as patient-level data.
LIT_United States_41889421,An evolving landscape: predictive and therapeutic biomarkers in advanced non-small cell lung cancer.,United States,REGIONAL_PREVALENCE_CONTEXT,literature_candidate_pending_manual_review,False,False,True,False,summary only until reviewed,False,PENDING_MANUAL_REVIEW,"regional context candidate, not training data",Use only after manual extraction/verification of prevalence values; never as patient-level data.
